action,risk,ats_type,ats_identifier,name,clean_name,board_url,jobs_count,sample_title_1,has_real_domain,domain_to_use,existing_db_name,existing_db_domain
insert,low,greenhouse,cloudflare,"Cloudflare","Cloudflare",https://boards.greenhouse.io/cloudflare,142,"Business Analyst Intern, Marketing (July to December 2026)",no,cloudflare.greenhouse.ats-placeholder,,
insert,low,greenhouse,singlestore,"SingleStore","SingleStore",https://boards.greenhouse.io/singlestore,42,"AWS Partner Manager",no,singlestore.greenhouse.ats-placeholder,,
insert,med,ashby,vizcom,"Vizcom","Vizcom",https://jobs.ashbyhq.com/vizcom,7,"AI Engineer",no,vizcom.ashby.ats-placeholder,,
insert,low,greenhouse,edo,"EDO","EDO",https://boards.greenhouse.io/edo,16,"Backend Engineering Manager",no,edo.greenhouse.ats-placeholder,,
insert,high,ashby,hotplate,"Hotplate","Hotplate",https://jobs.ashbyhq.com/hotplate,2,"Full Stack Engineer",no,hotplate.ashby.ats-placeholder,,
insert,low,ashby,rogerhealthcare,"Roger Healthcare","Roger Healthcare",https://jobs.ashbyhq.com/rogerhealthcare,6,"Senior Software Engineer, Backend",no,rogerhealthcare.ashby.ats-placeholder,,
insert,med,ashby,numeric,"Numeric","Numeric",https://jobs.ashbyhq.com/numeric,10,"Account Executive",no,numeric.ashby.ats-placeholder,,
insert,low,greenhouse,scanner,"Scanner","Scanner",https://boards.greenhouse.io/scanner,3,"Full Stack Engineer",no,scanner.greenhouse.ats-placeholder,,
insert,low,greenhouse,symbolica,"Symbolica AI","Symbolica AI",https://boards.greenhouse.io/symbolica,2,"AI Agent Engineer",no,symbolica.greenhouse.ats-placeholder,,
insert,low,ashby,teal-health,"Teal Health","Teal Health",https://jobs.ashbyhq.com/teal-health,5,"Director of Finance",no,teal-health.ashby.ats-placeholder,,
skip-ats,med,ashby,lindy,"Lindy.ai","Lindy.ai",https://jobs.ashbyhq.com/lindy,6,"Full Stack Software Engineer (Early Career)",no,lindy.ashby.ats-placeholder,,
insert,med,ashby,anrok,"Anrok","Anrok",https://jobs.ashbyhq.com/anrok,21,"Software Engineer (7+ years of experience)",no,anrok.ashby.ats-placeholder,,
insert,low,greenhouse,goodfire,"Goodfire","Goodfire",https://boards.greenhouse.io/goodfire,17,"Brand & Growth Lead",no,goodfire.greenhouse.ats-placeholder,,
insert,low,greenhouse,majorleaguebaseball,"Major League Baseball","Major League Baseball",https://boards.greenhouse.io/majorleaguebaseball,73,"2026 Internship - Sponsorship Sales (Japan)",no,majorleaguebaseball.greenhouse.ats-placeholder,,
insert,low,greenhouse,watershed,"Watershed","Watershed",https://boards.greenhouse.io/watershed,8,"Customer Success Engineer, Bioinformatics",no,watershed.greenhouse.ats-placeholder,,
insert,low,greenhouse,homelight,"HomeLight","HomeLight",https://boards.greenhouse.io/homelight,20,"Account Executive - Realtor Software",no,homelight.greenhouse.ats-placeholder,,
insert,med,lever,osaro,"Osaro","Osaro",https://jobs.lever.co/osaro,8,"Deployment Engineer",no,osaro.lever.ats-placeholder,,
insert,low,smartrecruiters,vouch,"Vouch Insurance","Vouch Insurance",https://careers.smartrecruiters.com/vouch,2,"JOb 2",no,vouch.smartrecruiters.ats-placeholder,,
insert,med,lever,veeva,"Veeva","Veeva",https://jobs.lever.co/veeva,1040,"(Associate) Team Lead - Data Operations",no,veeva.lever.ats-placeholder,,
insert,low,greenhouse,cargomatic,"Cargomatic","Cargomatic",https://boards.greenhouse.io/cargomatic,26,"Account Managers - Drayage & Supply Chain",no,cargomatic.greenhouse.ats-placeholder,,
insert,med,lever,lumafield,"Lumafield","Lumafield",https://jobs.lever.co/lumafield,17,"Backend Software Engineer",no,lumafield.lever.ats-placeholder,,
insert,low,ashby,trove,"Trove AI","Trove AI",https://jobs.ashbyhq.com/trove,5,"Founding Backend Engineer",no,trove.ashby.ats-placeholder,,
insert,low,ashby,remedyrobotics,"Remedy Robotics","Remedy Robotics",https://jobs.ashbyhq.com/remedyrobotics,10,"Manufacturing Lead",no,remedyrobotics.ashby.ats-placeholder,,
insert,med,ashby,gamma,"Gamma (gamma.app)","Gamma",https://jobs.ashbyhq.com/gamma,47,"Software Engineer, Backend",no,gamma.ashby.ats-placeholder,,
insert,low,ashby,point-one-navigation,"Point One Navigation","Point One Navigation",https://jobs.ashbyhq.com/point-one-navigation,8,"Senior Fullstack Engineer",no,point-one-navigation.ashby.ats-placeholder,,
insert,low,greenhouse,cocoon,"Cocoon","Cocoon",https://boards.greenhouse.io/cocoon,2,"Engineering Manager",no,cocoon.greenhouse.ats-placeholder,,
skip-ats,med,ashby,sydecar,"Sydecar","Sydecar",https://jobs.ashbyhq.com/sydecar,11,"Senior Tax Associate",no,sydecar.ashby.ats-placeholder,,
insert,med,ashby,parafin,"Parafin","Parafin",https://jobs.ashbyhq.com/parafin,25,"Staff Software Engineer, Lending Products",no,parafin.ashby.ats-placeholder,,
insert,med,ashby,commure,"Commure","Commure",https://jobs.ashbyhq.com/commure,84,"Senior Operations Manager, Implementation",no,commure.ashby.ats-placeholder,,
insert,low,greenhouse,fellow,"Fellow (fellowproducts.com)","Fellow",https://boards.greenhouse.io/fellow,12,"Automation Engineer",no,fellow.greenhouse.ats-placeholder,,
insert,med,lever,outsight,"Outsight","Outsight",https://jobs.lever.co/outsight,14,"Customer Validation Engineer",no,outsight.lever.ats-placeholder,,
insert,low,ashby,opal,"Opal Security","Opal Security",https://jobs.ashbyhq.com/opal,13,"Software Engineer",no,opal.ashby.ats-placeholder,,
insert,low,ashby,brookwood,"Brookwood Group","Brookwood Group",https://jobs.ashbyhq.com/brookwood,37,"Senior Project Manager - Healthcare",no,brookwood.ashby.ats-placeholder,,
insert,med,ashby,orb,"Orb","Orb",https://jobs.ashbyhq.com/orb,13,"Mid-Market Account Executive- San Francisco HQ",no,orb.ashby.ats-placeholder,,
insert,med,ashby,gravityclimate,"Gravity (gravityclimate.com)","Gravity",https://jobs.ashbyhq.com/gravityclimate,8,"Climate Strategist",no,gravityclimate.ashby.ats-placeholder,,
insert,med,ashby,plain,"Plain","Plain",https://jobs.ashbyhq.com/plain,17,"Senior Product Engineer ",no,plain.ashby.ats-placeholder,,
insert,low,ashby,brisk-teaching,"Brisk Teaching","Brisk Teaching",https://jobs.ashbyhq.com/brisk-teaching,10,"Senior Field and Experiential Marketing Manager",no,brisk-teaching.ashby.ats-placeholder,,
insert,low,ashby,onoshealth,"Onos Health","Onos Health",https://jobs.ashbyhq.com/onoshealth,7,"Staff Software Engineer (AI)",no,onoshealth.ashby.ats-placeholder,,
insert,med,ashby,standinsurance,"Stand (standinsurance.com)","Stand",https://jobs.ashbyhq.com/standinsurance,11,"Member of the Technical Staff - Product Engineer",no,standinsurance.ashby.ats-placeholder,,
skip-ats,med,ashby,firecrawl,"Firecrawl","Firecrawl",https://jobs.ashbyhq.com/firecrawl,17,"Design Engineer",no,firecrawl.ashby.ats-placeholder,,
skip-ats,low,ashby,julius,"Julius AI","Julius AI",https://jobs.ashbyhq.com/julius,4,"Software Engineer - Product (New Grad)",no,julius.ashby.ats-placeholder,,
insert,med,ashby,opengov,"OpenGov","OpenGov",https://jobs.ashbyhq.com/opengov,71,"Sr. Software Engineer.",no,opengov.ashby.ats-placeholder,,
insert,med,lever,payjoy,"PayJoy","PayJoy",https://jobs.lever.co/payjoy,79,"Automation Engineer",no,payjoy.lever.ats-placeholder,,
insert,low,ashby,airapps,"Air Apps","Air Apps",https://jobs.ashbyhq.com/airapps,498,"Digital Marketing Manager",no,airapps.ashby.ats-placeholder,,
insert,low,ashby,artisan,"Artisan AI","Artisan AI",https://jobs.ashbyhq.com/artisan,12,"Growth",no,artisan.ashby.ats-placeholder,,
insert,med,ashby,hyperbound,"Hyperbound","Hyperbound",https://jobs.ashbyhq.com/hyperbound,5,"Founding Business Development Manager",no,hyperbound.ashby.ats-placeholder,,
insert,med,lever,inkitt,"Inkitt","Inkitt",https://jobs.lever.co/inkitt,14,"Chief of Staff to the CEO",no,inkitt.lever.ats-placeholder,,
skip-ats,low,greenhouse,extend,"Extend","Extend",https://boards.greenhouse.io/extend,15,"Account Executive, Corporate Enterprise",no,extend.greenhouse.ats-placeholder,,
insert,low,ashby,unlimitedindustries,"Unlimited Industries","Unlimited Industries",https://jobs.ashbyhq.com/unlimitedindustries,6,"Software Engineer - Junior",no,unlimitedindustries.ashby.ats-placeholder,,
insert,low,ashby,tomo,"Tomo Credit","Tomo Credit",https://jobs.ashbyhq.com/tomo,18,"Application Analyst",no,tomo.ashby.ats-placeholder,,
insert,low,ashby,atomicsemi,"Atomic Semi","Atomic Semi",https://jobs.ashbyhq.com/atomicsemi,34,"General Opportunity",no,atomicsemi.ashby.ats-placeholder,,
insert,med,lever,valdera,"Valdera","Valdera",https://jobs.lever.co/valdera,12,"Chemical Procurement Specialist",no,valdera.lever.ats-placeholder,,
insert,high,lever,thunkable,"Thunkable","Thunkable",https://jobs.lever.co/thunkable,3,"Education Account Executive",no,thunkable.lever.ats-placeholder,,
insert,med,ashby,kiddom,"Kiddom","Kiddom",https://jobs.ashbyhq.com/kiddom,20,"Program Manager, RFPs & Adoptions",no,kiddom.ashby.ats-placeholder,,
insert,low,greenhouse,inizioevoke,"Inizio Evoke","Inizio Evoke",https://boards.greenhouse.io/inizioevoke,51,"Account Director",no,inizioevoke.greenhouse.ats-placeholder,,
insert,low,greenhouse,fetch,"Fetch","Fetch",https://boards.greenhouse.io/fetch,57,"Actuary – Product Development",no,fetch.greenhouse.ats-placeholder,,
insert,med,ashby,fundamental,"Fundamental","Fundamental",https://jobs.ashbyhq.com/fundamental,21,"ML Researcher",no,fundamental.ashby.ats-placeholder,,
insert,high,ashby,doe,"Doe","Doe",https://jobs.ashbyhq.com/doe,3,"Machine Learning Researcher",no,doe.ashby.ats-placeholder,,
insert,med,ashby,yutori,"Yutori","Yutori",https://jobs.ashbyhq.com/yutori,4,"AI Engineer — Reinforcement Learning",no,yutori.ashby.ats-placeholder,,
update-by-name,low,greenhouse,beyond,"Beyond (bynd.com)","Beyond",https://boards.greenhouse.io/beyond,6,"Account Executive",no,beyond.ai,"Beyond",beyond.ai
insert,low,ashby,newlantern,"New Lantern","New Lantern",https://jobs.ashbyhq.com/newlantern,3,"Recruiter",no,newlantern.ashby.ats-placeholder,,
insert,med,lever,suger,"Suger","Suger",https://jobs.lever.co/suger,7,"Cloud GTM Practice Lead",no,suger.lever.ats-placeholder,,
insert,med,lever,arable,"Arable","Arable",https://jobs.lever.co/arable,7,"Field Technology Specialist – Oklahoma Panhandle",no,arable.lever.ats-placeholder,,
insert,low,greenhouse,climateimperative,"Climate Imperative Foundation","Climate Imperative Foundation",https://boards.greenhouse.io/climateimperative,5,"Controller ",no,climateimperative.greenhouse.ats-placeholder,,
insert,med,ashby,reducto,"Reducto","Reducto",https://jobs.ashbyhq.com/reducto,29,"Founding Product Manager",no,reducto.ashby.ats-placeholder,,
insert,med,ashby,shepherd,"Shepherd","Shepherd",https://jobs.ashbyhq.com/shepherd,15,"Senior Underwriter",no,shepherd.ashby.ats-placeholder,,
insert,high,ashby,halliday,"Halliday","Halliday",https://jobs.ashbyhq.com/halliday,2,"Front End Engineer",no,halliday.ashby.ats-placeholder,,
insert,med,lever,odaseva,"Odaseva","Odaseva",https://jobs.lever.co/odaseva,7,"Business Development Representative - German speaking",no,odaseva.lever.ats-placeholder,,
insert,low,greenhouse,worldquant,"WorldQuant","WorldQuant",https://boards.greenhouse.io/worldquant,100,"AI Software Developer",no,worldquant.greenhouse.ats-placeholder,,
insert,low,greenhouse,6sense,"6sense","6sense",https://boards.greenhouse.io/6sense,34,"Commercial Account Executive",no,6sense.greenhouse.ats-placeholder,,
insert,low,greenhouse,nexhealth,"NexHealth","NexHealth",https://boards.greenhouse.io/nexhealth,36,"Account Executive ",no,nexhealth.greenhouse.ats-placeholder,,
insert,med,ashby,airbyte,"Airbyte","Airbyte",https://jobs.ashbyhq.com/airbyte,8,"Senior Product Manager – UI/UX, PLG & Activation",no,airbyte.ashby.ats-placeholder,,
insert,high,ashby,latchbio,"LatchBio","LatchBio",https://jobs.ashbyhq.com/latchbio,2,"Systems Software Engineer",no,latchbio.ashby.ats-placeholder,,
insert,med,ashby,nextdata,"Nextdata","Nextdata",https://jobs.ashbyhq.com/nextdata,6,"Staff/Senior Software Engineer (Rust)",no,nextdata.ashby.ats-placeholder,,
insert,med,ashby,plaud,"Plaud.ai","Plaud.ai",https://jobs.ashbyhq.com/plaud,91,"Senior Product Designer - San Francisco",no,plaud.ashby.ats-placeholder,,
skip-ats,low,greenhouse,orchard,"Orchard Robotics","Orchard Robotics",https://boards.greenhouse.io/orchard,71,"Agent Success Associate",no,orchard.greenhouse.ats-placeholder,,
insert,low,greenhouse,mithril,"Mithril","Mithril",https://boards.greenhouse.io/mithril,4,"Manager, Strategic Finance & Revenue Operations",no,mithril.greenhouse.ats-placeholder,,
insert,low,greenhouse,symmetry,"Symmetry Systems","Symmetry Systems",https://boards.greenhouse.io/symmetry,5,"Controller",no,symmetry.greenhouse.ats-placeholder,,
insert,low,lever,orbitalsidekick,"Orbital Sidekick","Orbital Sidekick",https://jobs.lever.co/orbitalsidekick,2,"Senior Ground Software Operations Engineer",no,orbitalsidekick.lever.ats-placeholder,,
insert,high,lever,lucidworks,"Lucidworks","Lucidworks",https://jobs.lever.co/lucidworks,1,"Search Engineer, Technical Support (Government Sector) - EVERGREEN ROLE",no,lucidworks.lever.ats-placeholder,,
insert,low,lever,terawattinfrastructure,"Terawatt Infrastructure","Terawatt Infrastructure",https://jobs.lever.co/terawattinfrastructure,10,"Construction Project Manager",no,terawattinfrastructure.lever.ats-placeholder,,
insert,med,ashby,stronghold,"Stronghold","Stronghold",https://jobs.ashbyhq.com/stronghold,5,"Crypto Community Manager",no,stronghold.ashby.ats-placeholder,,
insert,low,greenhouse,armada,"Armada","Armada",https://boards.greenhouse.io/armada,61,"AI Engineer",no,armada.greenhouse.ats-placeholder,,
insert,med,ashby,sanity,"Sanity.io","Sanity.io",https://jobs.ashbyhq.com/sanity,32,"Senior Solutions Architect (US/Canada)",no,sanity.ashby.ats-placeholder,,
insert,low,greenhouse,alphasights,"AlphaSights","AlphaSights",https://boards.greenhouse.io/alphasights,84,"Associate, Client Service, 2026",no,alphasights.greenhouse.ats-placeholder,,
insert,low,greenhouse,newrelic,"New Relic","New Relic",https://boards.greenhouse.io/newrelic,73,"Account Executive - Commercial - Fixed Term Contract (Maternity)",no,newrelic.greenhouse.ats-placeholder,,
insert,med,ashby,lassie,"Lassie","Lassie",https://jobs.ashbyhq.com/lassie,6,"Software Engineer, Growth",no,lassie.ashby.ats-placeholder,,
insert,med,ashby,reacher,"Reacher","Reacher",https://jobs.ashbyhq.com/reacher,10,"Founding Account Executive (US)",no,reacher.ashby.ats-placeholder,,
insert,low,ashby,built-robotics,"Built Robotics","Built Robotics",https://jobs.ashbyhq.com/built-robotics,8,"Robotics Engineer",no,built-robotics.ashby.ats-placeholder,,
insert,low,greenhouse,edisonscientific,"Edison Scientific","Edison Scientific",https://boards.greenhouse.io/edisonscientific,14,"AI Engineer - Forward Deployed ",no,edisonscientific.greenhouse.ats-placeholder,,
insert,high,ashby,capy,"Capy","Capy",https://jobs.ashbyhq.com/capy,2,"Founding Engineer",no,capy.ashby.ats-placeholder,,
insert,high,ashby,oneschema,"OneSchema","OneSchema",https://jobs.ashbyhq.com/oneschema,3,"Senior Software Engineer",no,oneschema.ashby.ats-placeholder,,
insert,med,ashby,lunar,"Lunar","Lunar",https://jobs.ashbyhq.com/lunar,13,"Clinical Workflow Informaticist ",no,lunar.ashby.ats-placeholder,,
insert,med,ashby,andromeda,"Andromeda (andromeda.ai)","Andromeda",https://jobs.ashbyhq.com/andromeda,10,"Software Engineer - AI Infrastructure",no,andromeda.ashby.ats-placeholder,,
insert,med,ashby,prelim,"Prelim","Prelim",https://jobs.ashbyhq.com/prelim,4,"Software Engineer, Product",no,prelim.ashby.ats-placeholder,,
insert,low,greenhouse,found,"Found.com","Found.com",https://boards.greenhouse.io/found,7,"Growth Marketing Manager",no,found.greenhouse.ats-placeholder,,
insert,med,ashby,nuon,"Nuon","Nuon",https://jobs.ashbyhq.com/nuon,4,"Senior Software Engineer, Full Stack",no,nuon.ashby.ats-placeholder,,
insert,high,ashby,readme,"ReadMe","ReadMe",https://jobs.ashbyhq.com/readme,3,"Enterprise Support Engineer",no,readme.ashby.ats-placeholder,,
insert,high,lever,cef,"CEF.AI","CEF.AI",https://jobs.lever.co/cef,2,"Finance Systems Accountant",no,cef.lever.ats-placeholder,,
update-by-name,low,smartrecruiters,visa,"Visa Inc,","Visa Inc,",https://careers.smartrecruiters.com/visa,20,"Sr. SW Engineer",no,dice-visa-inc-.placeholder,"Visa Inc.",dice-visa-inc-.placeholder
insert,low,greenhouse,opentable,"OpenTable","OpenTable",https://boards.greenhouse.io/opentable,52,"Account Executive",no,opentable.greenhouse.ats-placeholder,,
insert,med,ashby,sagetap,"Sagetap","Sagetap",https://jobs.ashbyhq.com/sagetap,4,"Sr. Content Strategist",no,sagetap.ashby.ats-placeholder,,
insert,low,ashby,edia,"Edia Learning","Edia Learning",https://jobs.ashbyhq.com/edia,4,"Product Manager",no,edia.ashby.ats-placeholder,,
insert,low,ashby,echotwin,"EchoTwin AI","EchoTwin AI",https://jobs.ashbyhq.com/echotwin,11,"Machine Learning Engineer",no,echotwin.ashby.ats-placeholder,,
insert,low,greenhouse,clerkie,"Clerkie","Clerkie",https://boards.greenhouse.io/clerkie,5,"Associate Product Manager",no,clerkie.greenhouse.ats-placeholder,,
insert,low,ashby,hinge-health,"Hinge Health","Hinge Health",https://jobs.ashbyhq.com/hinge-health,79,"Staff Software Engineer, Growth",no,hinge-health.ashby.ats-placeholder,,
insert,low,greenhouse,verse,"Verse (verse.inc)","Verse",https://boards.greenhouse.io/verse,15,"Data Scientist",no,verse.greenhouse.ats-placeholder,,
insert,low,ashby,uncountable,"Uncountable Inc","Uncountable Inc",https://jobs.ashbyhq.com/uncountable,30,"Solutions Architect / Engineering Manager – Chemistry Applications",no,uncountable.ashby.ats-placeholder,,
insert,med,ashby,latent,"Latent","Latent",https://jobs.ashbyhq.com/latent,21,"Recruiting Coordinator",no,latent.ashby.ats-placeholder,,
insert,low,lever,blinkux,"Blink UX","Blink UX",https://jobs.lever.co/blinkux,8,"Director of Client Relations",no,blinkux.lever.ats-placeholder,,
insert,med,ashby,atob,"AtoB","AtoB",https://jobs.ashbyhq.com/atob,13,"Head of Sales, SMB",no,atob.ashby.ats-placeholder,,
skip-ats,low,greenhouse,loop,"Loop AI - Delivery Intelligence Platform","Loop AI - Delivery Intelligence Platform",https://boards.greenhouse.io/loop,15,"2026 New Grad | Software Engineer, Full-Stack (Chicago)",no,loop.greenhouse.ats-placeholder,,
insert,med,lever,nium,"Nium","Nium",https://jobs.lever.co/nium,70,"Analyst/Senior Analyst- KYC Operations",no,nium.lever.ats-placeholder,,
skip-ats,med,ashby,gigaml,"Giga (gigaml.com)","Giga",https://jobs.ashbyhq.com/gigaml,51,"Staff Frontend Infrastructure Engineer",no,gigaml.ashby.ats-placeholder,,
insert,low,ashby,anglehealth,"Angle Health","Angle Health",https://jobs.ashbyhq.com/anglehealth,2,"Head of IT & Cybersecurity",no,anglehealth.ashby.ats-placeholder,,
insert,med,ashby,casca,"Casca","Casca",https://jobs.ashbyhq.com/casca,9,"Product Manager",no,casca.ashby.ats-placeholder,,
insert,low,greenhouse,gigs,"Gigs","Gigs",https://boards.greenhouse.io/gigs,32,"Business Operations",no,gigs.greenhouse.ats-placeholder,,
insert,low,greenhouse,hightouch,"Hightouch","Hightouch",https://boards.greenhouse.io/hightouch,63,"Account Executive, Enterprise West",no,hightouch.greenhouse.ats-placeholder,,
insert,med,ashby,stable,"Stable (usestable.com)","Stable",https://jobs.ashbyhq.com/stable,8,"Customer Support Specialist",no,stable.ashby.ats-placeholder,,
insert,low,lever,diamondfoundry,"Diamond Foundry","Diamond Foundry",https://jobs.lever.co/diamondfoundry,50,"Control/Automation Engineer",no,diamondfoundry.lever.ats-placeholder,,
insert,low,greenhouse,socket,"Socket (socket.dev)","Socket",https://boards.greenhouse.io/socket,1,"Wildcard",no,socket.greenhouse.ats-placeholder,,
insert,med,ashby,e2b,"E2B","E2B",https://jobs.ashbyhq.com/e2b,17,"Product Engineer - AI",no,e2b.ashby.ats-placeholder,,
insert,med,ashby,classdojo,"ClassDojo","ClassDojo",https://jobs.ashbyhq.com/classdojo,20,"Senior Growth Engineer",no,classdojo.ashby.ats-placeholder,,
insert,med,ashby,inngest,"Inngest","Inngest",https://jobs.ashbyhq.com/inngest,4,"Distributed Systems Engineer - Platform",no,inngest.ashby.ats-placeholder,,
insert,med,ashby,scribe,"Scribe","Scribe",https://jobs.ashbyhq.com/scribe,36,"Senior Product Analyst, Strategy and Insights",no,scribe.ashby.ats-placeholder,,
insert,low,greenhouse,sei,"Sei Labs","Sei Labs",https://boards.greenhouse.io/sei,1,"Garden Education Nonprofit Leadership Fellow",no,sei.greenhouse.ats-placeholder,,
insert,low,greenhouse,wholesail,"Wholesail","Wholesail",https://boards.greenhouse.io/wholesail,3,"Backend Product Engineer",no,wholesail.greenhouse.ats-placeholder,,
insert,med,lever,teecom,"TEECOM","TEECOM",https://jobs.lever.co/teecom,54,"Associate - Audiovisual",no,teecom.lever.ats-placeholder,,
skip-ats,med,ashby,neon,"Neon (neonpay.com)","Neon",https://jobs.ashbyhq.com/neon,7,"Software Engineer",no,neon.ashby.ats-placeholder,,
insert,low,greenhouse,paystand,"Paystand","Paystand",https://boards.greenhouse.io/paystand,16,"Account Executive ",no,paystand.greenhouse.ats-placeholder,,
insert,med,ashby,netic,"Netic","Netic",https://jobs.ashbyhq.com/netic,21,"Software Engineer, Product Infrastructure",no,netic.ashby.ats-placeholder,,
insert,low,greenhouse,astranis,"Astranis Space Technologies","Astranis Space Technologies",https://boards.greenhouse.io/astranis,147,"Account Manager ",no,astranis.greenhouse.ats-placeholder,,
insert,med,ashby,langfuse,"Langfuse","Langfuse",https://jobs.ashbyhq.com/langfuse,8,"DevRel Engineer",no,langfuse.ashby.ats-placeholder,,
insert,med,ashby,parkade,"Parkade","Parkade",https://jobs.ashbyhq.com/parkade,6,"Account Executive",no,parkade.ashby.ats-placeholder,,
insert,low,ashby,networkright,"Network Right","Network Right",https://jobs.ashbyhq.com/networkright,10,"Can't find the role you wanted? Open applications here. ",no,networkright.ashby.ats-placeholder,,
insert,low,smartrecruiters,sia,"Sia Partners","Sia Partners",https://careers.smartrecruiters.com/sia,100,"Partner Marketing Manager-Contract-(6 Months)",no,sia.smartrecruiters.ats-placeholder,,
insert,med,ashby,firetiger,"Firetiger","Firetiger",https://jobs.ashbyhq.com/firetiger,4,"Company Operator / Chief of Staff",no,firetiger.ashby.ats-placeholder,,
insert,med,lever,angellist,"AngelList","AngelList",https://jobs.lever.co/angellist,14,"Account Executive",no,angellist.lever.ats-placeholder,,
insert,med,ashby,arena,"Arena (arena.ai)","Arena",https://jobs.ashbyhq.com/arena,17,"Social Media Lead",no,arena.ashby.ats-placeholder,,
insert,med,ashby,middesk,"Middesk","Middesk",https://jobs.ashbyhq.com/middesk,11,"Software Engineer",no,middesk.ashby.ats-placeholder,,
insert,low,ashby,nabihealth,"Nabi Health","Nabi Health",https://jobs.ashbyhq.com/nabihealth,11,"Billing, Credentialing & Back-Office Operations Coordinator",no,nabihealth.ashby.ats-placeholder,,
insert,med,ashby,lightfield,"Lightfield","Lightfield",https://jobs.ashbyhq.com/lightfield,15,"Machine Learning Engineer",no,lightfield.ashby.ats-placeholder,,
insert,med,ashby,foxglove,"Foxglove","Foxglove",https://jobs.ashbyhq.com/foxglove,11,"Senior Software Engineer, Data",no,foxglove.ashby.ats-placeholder,,
skip-ats,low,ashby,cohere,"Cohere AI","Cohere AI",https://jobs.ashbyhq.com/cohere,128,"Member of Technical Staff, MLE (Korea)",no,cohere.ashby.ats-placeholder,,
insert,med,lever,gauntlet,"Gauntlet","Gauntlet",https://jobs.lever.co/gauntlet,4,"DeFi Business Development Representative",no,gauntlet.lever.ats-placeholder,,
insert,med,ashby,ando,"Ando (ando.so)","Ando",https://jobs.ashbyhq.com/ando,7,"Brand Designer",no,ando.ashby.ats-placeholder,,
insert,low,ashby,ambiencehealthcare,"Ambience Healthcare","Ambience Healthcare",https://jobs.ashbyhq.com/ambiencehealthcare,23,"Staff Software Engineer, Product",no,ambiencehealthcare.ashby.ats-placeholder,,
insert,high,ashby,sentra,"Sentra (sentra.app)","Sentra",https://jobs.ashbyhq.com/sentra,3,"Senior Backend Software Engineer",no,sentra.ashby.ats-placeholder,,
insert,med,ashby,column,"Column","Column",https://jobs.ashbyhq.com/column,12,"I don't fit into any of these roles!",no,column.ashby.ats-placeholder,,
insert,low,greenhouse,ripple,"Ripple","Ripple",https://boards.greenhouse.io/ripple,119,"Accounting Manager",no,ripple.greenhouse.ats-placeholder,,
insert,low,ashby,nirvana,"Nirvana Insurance","Nirvana Insurance",https://jobs.ashbyhq.com/nirvana,3,"Manager, Underwriting Strategy & Operations",no,nirvana.ashby.ats-placeholder,,
insert,low,greenhouse,anaplan,"Anaplan","Anaplan",https://boards.greenhouse.io/anaplan,257,"Account Executive",no,anaplan.greenhouse.ats-placeholder,,
insert,low,ashby,mem,"Mem Protocol","Mem Protocol",https://jobs.ashbyhq.com/mem,4,"Platform Engineer",no,mem.ashby.ats-placeholder,,
insert,med,ashby,speak,"Speak","Speak",https://jobs.ashbyhq.com/speak,43,"Staff Product Designer",no,speak.ashby.ats-placeholder,,
insert,low,greenhouse,gmmb,"GMMB","GMMB",https://boards.greenhouse.io/gmmb,9,"Account Executive, Global Health and Development",no,gmmb.greenhouse.ats-placeholder,,
insert,low,greenhouse,workato,"Workato","Workato",https://boards.greenhouse.io/workato,168,"Account Executive",no,workato.greenhouse.ats-placeholder,,
insert,low,greenhouse,rocketlawyer,"Rocket Lawyer","Rocket Lawyer",https://boards.greenhouse.io/rocketlawyer,14,"AI/ML Software Engineer",no,rocketlawyer.greenhouse.ats-placeholder,,
insert,med,lever,finix,"Finix","Finix",https://jobs.lever.co/finix,10,"Customer Delivery Manager",no,finix.lever.ats-placeholder,,
insert,med,ashby,arcade,"Arcade.dev","Arcade.dev",https://jobs.ashbyhq.com/arcade,6,"Arcade Talent Network",no,arcade.ashby.ats-placeholder,,
insert,low,ashby,abridge,"Abridge AI","Abridge AI",https://jobs.ashbyhq.com/abridge,63,"Machine Learning Scientist (All Levels)",no,abridge.ashby.ats-placeholder,,
insert,med,ashby,stytch,"Stytch","Stytch",https://jobs.ashbyhq.com/stytch,5,"Experienced Product Designer",no,stytch.ashby.ats-placeholder,,
insert,low,smartrecruiters,hivemapper,"Hivemapper","Hivemapper",https://careers.smartrecruiters.com/hivemapper,2,"Technical Product Manager",no,hivemapper.smartrecruiters.ats-placeholder,,
insert,med,ashby,orum,"Orum","Orum",https://jobs.ashbyhq.com/orum,5,"Senior Software Engineer - Product Platform Team",no,orum.ashby.ats-placeholder,,
insert,low,smartrecruiters,lottiefiles,"LottieFiles","LottieFiles",https://careers.smartrecruiters.com/lottiefiles,1,"Senior Platform Engineer",no,lottiefiles.smartrecruiters.ats-placeholder,,
insert,low,greenhouse,linqia,"Linqia","Linqia",https://boards.greenhouse.io/linqia,12,"Backend Engineer (Python and SQL)",no,linqia.greenhouse.ats-placeholder,,
insert,med,ashby,posthog,"PostHog","PostHog",https://jobs.ashbyhq.com/posthog,17,"Technical Ex-Founder",no,posthog.ashby.ats-placeholder,,
insert,med,ashby,nationgraph,"NationGraph","NationGraph",https://jobs.ashbyhq.com/nationgraph,7,"(PHD) Applied Machine Learning Engineer",no,nationgraph.ashby.ats-placeholder,,
insert,low,greenhouse,insightrx,"InsightRX","InsightRX",https://boards.greenhouse.io/insightrx,2,"Account Director",no,insightrx.greenhouse.ats-placeholder,,
insert,high,ashby,impulse,"Impulse (impulselabs.com)","Impulse",https://jobs.ashbyhq.com/impulse,3,"Mechanical Engineer",no,impulse.ashby.ats-placeholder,,
insert,low,greenhouse,itd,"itD","itD",https://boards.greenhouse.io/itd,15,"Client Partner (6047)",no,itd.greenhouse.ats-placeholder,,
insert,low,greenhouse,halcyon,"Halcyon Financial Technology","Halcyon Financial Technology",https://boards.greenhouse.io/halcyon,15,"Account Executive, Quebec",no,halcyon.greenhouse.ats-placeholder,,
insert,low,greenhouse,peakdesign,"Peak Design","Peak Design",https://boards.greenhouse.io/peakdesign,5,"FP&A Manager / Senior FP&A Manager",no,peakdesign.greenhouse.ats-placeholder,,
insert,med,ashby,binti,"Binti","Binti",https://jobs.ashbyhq.com/binti,10,"Enterprise Engagement Lead",no,binti.ashby.ats-placeholder,,
insert,med,ashby,authorium,"Authorium (formerly City Innovate)","Authorium",https://jobs.ashbyhq.com/authorium,5,"Customer Success Manager",no,authorium.ashby.ats-placeholder,,
insert,med,ashby,sesame,"Sesame (sesame.com)","Sesame",https://jobs.ashbyhq.com/sesame,32,"iOS Engineer",no,sesame.ashby.ats-placeholder,,
insert,med,ashby,console,"Console","Console",https://jobs.ashbyhq.com/console,12,"Sr. Product Designer",no,console.ashby.ats-placeholder,,
insert,med,ashby,automat,"Automat","Automat",https://jobs.ashbyhq.com/automat,7,"Applied AI Engineer",no,automat.ashby.ats-placeholder,,
insert,med,ashby,formal,"Formal","Formal",https://jobs.ashbyhq.com/formal,9,"Solutions Engineer",no,formal.ashby.ats-placeholder,,
insert,low,greenhouse,contentful,"Contentful","Contentful",https://boards.greenhouse.io/contentful,89,"Analytical Engineer f/m/d",no,contentful.greenhouse.ats-placeholder,,
insert,low,greenhouse,known,"Known (knowndating.com)","Known",https://boards.greenhouse.io/known,17,"Art Director (Experiential)",no,known.greenhouse.ats-placeholder,,
insert,med,lever,regrello,"Regrello","Regrello",https://jobs.lever.co/regrello,14,"Consultant - Expert Services",no,regrello.lever.ats-placeholder,,
insert,med,ashby,revic,"Revic","Revic",https://jobs.ashbyhq.com/revic,6,"Software Engineer (Full stack)",no,revic.ashby.ats-placeholder,,
insert,low,ashby,sbs-comms,"SBS Comms","SBS Comms",https://jobs.ashbyhq.com/sbs-comms,1,"Public Relations Fellow",no,sbs-comms.ashby.ats-placeholder,,
insert,low,greenhouse,highnote,"Highnote","Highnote",https://boards.greenhouse.io/highnote,8,"Enterprise Account Executive - Issuing",no,highnote.greenhouse.ats-placeholder,,
insert,med,ashby,homevision,"HomeVision","HomeVision",https://jobs.ashbyhq.com/homevision,5,"Fullstack Software Engineer - Hybrid - San Francisco",no,homevision.ashby.ats-placeholder,,
insert,med,lever,snappr,"Snappr","Snappr",https://jobs.lever.co/snappr,24,"AI Image Generation Specialist (Pooling)",no,snappr.lever.ats-placeholder,,
insert,low,greenhouse,fieldwire,"Fieldwire by Hilti","Fieldwire by Hilti",https://boards.greenhouse.io/fieldwire,24,"Backend Software Engineer",no,fieldwire.greenhouse.ats-placeholder,,
insert,low,lever,sambatv,"Samba TV","Samba TV",https://jobs.lever.co/sambatv,69,"Account Executive",no,sambatv.lever.ats-placeholder,,
insert,low,greenhouse,thanx,"Thanx","Thanx",https://boards.greenhouse.io/thanx,11,"Enterprise Account Executive",no,thanx.greenhouse.ats-placeholder,,
insert,med,ashby,sphere,"Sphere (getsphere.com)","Sphere",https://jobs.ashbyhq.com/sphere,12,"Founding Account Executive (Europe)",no,sphere.ashby.ats-placeholder,,
insert,med,ashby,omni,"Omni (omni.co)","Omni",https://jobs.ashbyhq.com/omni,23,"Managing Architect (North America)",no,omni.ashby.ats-placeholder,,
insert,low,greenhouse,metronome,"Metronome","Metronome",https://boards.greenhouse.io/metronome,3,"Solutions Engineer, AI Native",no,metronome.greenhouse.ats-placeholder,,
insert,low,ashby,abby-care,"Abby Care","Abby Care",https://jobs.ashbyhq.com/abby-care,52,"PA - Pittsburgh - RN Clinical Instructor",no,abby-care.ashby.ats-placeholder,,
insert,low,ashby,cambio,"Cambio AI","Cambio AI",https://jobs.ashbyhq.com/cambio,2,"Enterprise Account Executive",no,cambio.ashby.ats-placeholder,,
skip-ats,low,greenhouse,afresh,"Afresh","Afresh",https://boards.greenhouse.io/afresh,20,"Enterprise Account Executive",no,afresh.greenhouse.ats-placeholder,,
insert,low,greenhouse,appsflyer,"AppsFlyer","AppsFlyer",https://boards.greenhouse.io/appsflyer,59,"Account Executive China",no,appsflyer.greenhouse.ats-placeholder,,
insert,med,ashby,solidroad,"Solidroad","Solidroad",https://jobs.ashbyhq.com/solidroad,9,"Senior Software Engineer",no,solidroad.ashby.ats-placeholder,,
insert,low,greenhouse,glydways,"Glydways","Glydways",https://boards.greenhouse.io/glydways,11,"Autonomy Integration Software Engineer",no,glydways.greenhouse.ats-placeholder,,
insert,med,ashby,fleetworks,"FleetWorks","FleetWorks",https://jobs.ashbyhq.com/fleetworks,11,"Get In Touch",no,fleetworks.ashby.ats-placeholder,,
insert,low,lever,brightmachines,"Bright Machines","Bright Machines",https://jobs.lever.co/brightmachines,26,"Assembly Technicians",no,brightmachines.lever.ats-placeholder,,
insert,high,lever,kapwing,"Kapwing","Kapwing",https://jobs.lever.co/kapwing,1,"YouTube Video Creator and Manager",no,kapwing.lever.ats-placeholder,,
insert,high,ashby,continue,"Continue","Continue",https://jobs.ashbyhq.com/continue,3,"Software Engineer (New grad)",no,continue.ashby.ats-placeholder,,
update-by-name,med,ashby,harperinsure,"Harper (harperinsure.com)","Harper",https://jobs.ashbyhq.com/harperinsure,20,"Field Marketing Manager",no,waas-harper.placeholder,"Harper",waas-harper.placeholder
insert,med,lever,aquabyte,"Aquabyte","Aquabyte",https://jobs.lever.co/aquabyte,11,"Computer Vision Engineer",no,aquabyte.lever.ats-placeholder,,
insert,med,ashby,mach9,"Mach9","Mach9",https://jobs.ashbyhq.com/mach9,6,"Account Executive",no,mach9.ashby.ats-placeholder,,
insert,high,ashby,beacons,"Beacons","Beacons",https://jobs.ashbyhq.com/beacons,1,"Senior Software Engineer",no,beacons.ashby.ats-placeholder,,
insert,low,greenhouse,guidepoint,"Guidepoint","Guidepoint",https://boards.greenhouse.io/guidepoint,116,"2026 Campus, Client Service Associate",no,guidepoint.greenhouse.ats-placeholder,,
insert,med,ashby,flux,"Flux (flux.ai)","Flux",https://jobs.ashbyhq.com/flux,15,"Senior Platform Engineer ",no,flux.ashby.ats-placeholder,,
insert,med,ashby,coworker,"Coworker.ai","Coworker.ai",https://jobs.ashbyhq.com/coworker,5,"Software Engineer",no,coworker.ashby.ats-placeholder,,
insert,low,greenhouse,acumen,"Acumen Solutions","Acumen Solutions",https://boards.greenhouse.io/acumen,9,"Associate Director, Acumen Academy Pakistan",no,acumen.greenhouse.ats-placeholder,,
insert,low,greenhouse,via,"Via","Via",https://boards.greenhouse.io/via,158,"ABM (Account-Based Marketing) Associate ",no,via.greenhouse.ats-placeholder,,
insert,med,ashby,zip,"Zip","Zip",https://jobs.ashbyhq.com/zip,120,"Senior / Principal Product Manager",no,zip.ashby.ats-placeholder,,
insert,med,lever,thuma,"Thuma","Thuma",https://jobs.lever.co/thuma,19,"Associate Director of Product Compliance",no,thuma.lever.ats-placeholder,,
insert,low,ashby,probablygenetic,"Probably Genetic","Probably Genetic",https://jobs.ashbyhq.com/probablygenetic,3,"Senior Software Engineer",no,probablygenetic.ashby.ats-placeholder,,
insert,high,lever,hint,"Hint","Hint",https://jobs.lever.co/hint,2,"Customer Service EAS Specialist",no,hint.lever.ats-placeholder,,
insert,low,greenhouse,loka,"Loka","Loka",https://boards.greenhouse.io/loka,1,"Part-Time Personal Assistant / Household Support (10 hrs/week, Los Altos) ",no,loka.greenhouse.ats-placeholder,,
insert,low,lever,crossing-minds,"Crossing Minds","Crossing Minds",https://jobs.lever.co/crossing-minds,4,"Applied Machine Learning Internship",no,crossing-minds.lever.ats-placeholder,,
update-by-name,med,ashby,exa,"Exa (exa.ai)","Exa",https://jobs.ashbyhq.com/exa,34,"Account Executive",no,exa.ai,"Exa",exa.ai
insert,low,greenhouse,moloco,"Moloco","Moloco",https://boards.greenhouse.io/moloco,70,"Applied Scientist II (응용 과학자 II)",no,moloco.greenhouse.ats-placeholder,,
insert,high,ashby,rhythms,"Rhythms","Rhythms",https://jobs.ashbyhq.com/rhythms,3,"Sales Account Executive (AE)",no,rhythms.ashby.ats-placeholder,,
insert,low,greenhouse,attentive,"Attentive","Attentive",https://boards.greenhouse.io/attentive,58,"Account Executive, Mid-Market",no,attentive.greenhouse.ats-placeholder,,
insert,low,smartrecruiters,augmentcxm,"Augment CXM","Augment CXM",https://careers.smartrecruiters.com/augmentcxm,8,"Lead/Senior Front End Engineer",no,augmentcxm.smartrecruiters.ats-placeholder,,
insert,low,greenhouse,ansa,"Ansa","Ansa",https://boards.greenhouse.io/ansa,5,"Customer Success Manager",no,ansa.greenhouse.ats-placeholder,,
skip-ats,low,greenhouse,komodohealth,"Komodo Health","Komodo Health",https://boards.greenhouse.io/komodohealth,40,"Account Executive - AVP, Sales (Commercial)",no,komodohealth.greenhouse.ats-placeholder,,
insert,med,ashby,tailor,"Tailor","Tailor",https://jobs.ashbyhq.com/tailor,36,"Business [新卒採用]",no,tailor.ashby.ats-placeholder,,
insert,low,lever,visotrust,"VISO Trust","VISO Trust",https://jobs.lever.co/visotrust,1,"Software Engineer - AI",no,visotrust.lever.ats-placeholder,,
insert,low,greenhouse,pallet,"Pallet","Pallet",https://boards.greenhouse.io/pallet,13,"Agent Product Manager (Enterprise)",no,pallet.greenhouse.ats-placeholder,,
insert,low,ashby,charta-health,"Charta Health","Charta Health",https://jobs.ashbyhq.com/charta-health,15,"Staff Product Manager",no,charta-health.ashby.ats-placeholder,,
insert,med,ashby,sprig,"Sprig","Sprig",https://jobs.ashbyhq.com/sprig,7,"Research Partner- Contract",no,sprig.ashby.ats-placeholder,,
insert,low,ashby,pax-historia,"Pax Historia","Pax Historia",https://jobs.ashbyhq.com/pax-historia,3,"Founding Engineer (Full Stack Web)",no,pax-historia.ashby.ats-placeholder,,
insert,med,ashby,airgarage,"AirGarage","AirGarage",https://jobs.ashbyhq.com/airgarage,5,"Account Executive",no,airgarage.ashby.ats-placeholder,,
insert,med,ashby,finvest,"Finvest","Finvest",https://jobs.ashbyhq.com/finvest,5,"Senior Backend Engineer",no,finvest.ashby.ats-placeholder,,
insert,low,greenhouse,fortisgames,"Fortis Games","Fortis Games",https://boards.greenhouse.io/fortisgames,34,"AI Solution Architect (Workplace)",no,fortisgames.greenhouse.ats-placeholder,,
insert,low,ashby,axiombio,"Axiom Bio","Axiom Bio",https://jobs.ashbyhq.com/axiombio,7,"Product Engineer",no,axiombio.ashby.ats-placeholder,,
insert,med,ashby,factory,"Factory (factory.ai)","Factory",https://jobs.ashbyhq.com/factory,30,"People Operations",no,factory.ashby.ats-placeholder,,
insert,low,greenhouse,highwire,"Highwire (teamhighwire.com)","Highwire",https://boards.greenhouse.io/highwire,39,"Account Executive, Public Relations (B2B Technology)",no,highwire.greenhouse.ats-placeholder,,
insert,low,greenhouse,qualia,"Qualia","Qualia",https://boards.greenhouse.io/qualia,20,"Billing Operations Lead",no,qualia.greenhouse.ats-placeholder,,
insert,low,ashby,nuna,"Nuna Inc.","Nuna Inc.",https://jobs.ashbyhq.com/nuna,4,"Lead Data Engineer",no,nuna.ashby.ats-placeholder,,
insert,med,ashby,meter,"Meter (meter.com)","Meter",https://jobs.ashbyhq.com/meter,66,"Marketing, Majors",no,meter.ashby.ats-placeholder,,
insert,low,greenhouse,guild,"Guild.ai","Guild.ai",https://boards.greenhouse.io/guild,13,"Director, Academy Product ­& AI",no,guild.greenhouse.ats-placeholder,,
insert,low,greenhouse,emtrain,"Emtrain","Emtrain",https://boards.greenhouse.io/emtrain,2,"Demand Generation Specialist",no,emtrain.greenhouse.ats-placeholder,,
insert,med,ashby,joinarc,"Arc (joinarc.com)","Arc",https://jobs.ashbyhq.com/joinarc,7,"Product Designer",no,joinarc.ashby.ats-placeholder,,
insert,low,ashby,ema,"Ema Unlimited","Ema Unlimited",https://jobs.ashbyhq.com/ema,30,"Solutions Architect",no,ema.ashby.ats-placeholder,,
insert,low,greenhouse,truework,"Truework","Truework",https://boards.greenhouse.io/truework,1,"Senior Software Engineer",no,truework.greenhouse.ats-placeholder,,
insert,low,greenhouse,earnest,"Earnest","Earnest",https://boards.greenhouse.io/earnest,10,"Analytics Engineer II",no,earnest.greenhouse.ats-placeholder,,
insert,low,greenhouse,fluency,"Fluency (usefluency.com)","Fluency",https://boards.greenhouse.io/fluency,4,"IT Ops Analyst",no,fluency.greenhouse.ats-placeholder,,
insert,low,ashby,multiply,"Multiply Labs","Multiply Labs",https://jobs.ashbyhq.com/multiply,3,"Mortgage Loan Originator",no,multiply.ashby.ats-placeholder,,
insert,med,lever,peoplegrove,"PeopleGrove","PeopleGrove",https://jobs.lever.co/peoplegrove,7,"Client Success Manager",no,peoplegrove.lever.ats-placeholder,,
insert,med,lever,agiloft,"Agiloft","Agiloft",https://jobs.lever.co/agiloft,13,"AI Data Platform Lead",no,agiloft.lever.ats-placeholder,,
insert,low,lever,pendulum,"Pendulum Therapeutics","Pendulum Therapeutics",https://jobs.lever.co/pendulum,8,"Apply for your Dream Job",no,pendulum.lever.ats-placeholder,,
insert,low,smartrecruiters,livenationentertainment,"Live Nation Entertainment","Live Nation Entertainment",https://careers.smartrecruiters.com/livenationentertainment,6,"Facilities Coordinator",no,livenationentertainment.smartrecruiters.ats-placeholder,,
insert,low,greenhouse,flex,"The Flex","The Flex",https://boards.greenhouse.io/flex,71,"Account Executive, SMB",no,flex.greenhouse.ats-placeholder,,
insert,low,ashby,gradient,"Gradient Ventures","Gradient Ventures",https://jobs.ashbyhq.com/gradient,5,"Gradient Ascent Program 🚀",no,gradient.ashby.ats-placeholder,,
skip-ats,low,greenhouse,twilio,"Twilio","Twilio",https://boards.greenhouse.io/twilio,152,"Account Executive",no,twilio.greenhouse.ats-placeholder,,
insert,low,greenhouse,fractalsoftware,"Fractal Software","Fractal Software",https://boards.greenhouse.io/fractalsoftware,1,"Portfolio Founding Account Executive ",no,fractalsoftware.greenhouse.ats-placeholder,,
insert,med,ashby,delphi,"Delphi","Delphi",https://jobs.ashbyhq.com/delphi,7,"VP Engineering",no,delphi.ashby.ats-placeholder,,
insert,low,smartrecruiters,bebo,"Bebo","Bebo",https://careers.smartrecruiters.com/bebo,2,"f",no,bebo.smartrecruiters.ats-placeholder,,
insert,med,ashby,tarro,"Tarro","Tarro",https://jobs.ashbyhq.com/tarro,42,"Data Engineer",no,tarro.ashby.ats-placeholder,,
insert,low,smartrecruiters,demandmatrix,"DemandMatrix","DemandMatrix",https://careers.smartrecruiters.com/demandmatrix,6,"Project Manager",no,demandmatrix.smartrecruiters.ats-placeholder,,
insert,low,lever,curai,"Curai Health","Curai Health",https://jobs.lever.co/curai,6,"Clinical Operations Specialist",no,curai.lever.ats-placeholder,,
insert,med,ashby,seamflow,"Seamflow","Seamflow",https://jobs.ashbyhq.com/seamflow,4,"Applied AI Engineer",no,seamflow.ashby.ats-placeholder,,
insert,med,ashby,yobi,"Yobi","Yobi",https://jobs.ashbyhq.com/yobi,9,"Machine Learning Engineer - Applied / Product",no,yobi.ashby.ats-placeholder,,
insert,med,ashby,stellic,"Stellic","Stellic",https://jobs.ashbyhq.com/stellic,13,"Senior Full Stack Engineer",no,stellic.ashby.ats-placeholder,,
insert,low,smartrecruiters,tidepool,"Tidepool","Tidepool",https://careers.smartrecruiters.com/tidepool,1,"Senior Product Designer, Tidepool Data Platform ",no,tidepool.smartrecruiters.ats-placeholder,,
insert,low,greenhouse,unknownworlds,"Unknown Worlds Entertainment","Unknown Worlds Entertainment",https://boards.greenhouse.io/unknownworlds,1,"General Application",no,unknownworlds.greenhouse.ats-placeholder,,
insert,low,lever,bluebottlecoffee,"Blue Bottle Coffee","Blue Bottle Coffee",https://jobs.lever.co/bluebottlecoffee,66,"(인재풀) Barista - 서울/경기/인천 Seoul Metropolitan",no,bluebottlecoffee.lever.ats-placeholder,,
insert,low,ashby,ferryhealth,"Ferry Health","Ferry Health",https://jobs.ashbyhq.com/ferryhealth,3,"Case Manager",no,ferryhealth.ashby.ats-placeholder,,
insert,low,greenhouse,bloomreach,"Bloomreach","Bloomreach",https://boards.greenhouse.io/bloomreach,68,"AI Customer Lifecycle Manager",no,bloomreach.greenhouse.ats-placeholder,,
insert,low,ashby,cape,"Cape Productions","Cape Productions",https://jobs.ashbyhq.com/cape,20,"Software Engineer",no,cape.ashby.ats-placeholder,,
insert,low,ashby,parashift,"PARASHIFT - Intelligent Document Processing (IDP)","PARASHIFT - Intelligent Document Processing",https://jobs.ashbyhq.com/parashift,5,"Marketing Manager",no,parashift.ashby.ats-placeholder,,
insert,low,greenhouse,careervillage,"CareerVillage","CareerVillage",https://boards.greenhouse.io/careervillage,1,"Product Marketing Specialist - Contractor",no,careervillage.greenhouse.ats-placeholder,,
insert,med,ashby,foursquare,"Foursquare","Foursquare",https://jobs.ashbyhq.com/foursquare,4,"Sales Associate",no,foursquare.ashby.ats-placeholder,,
insert,low,greenhouse,forward,"Forward","Forward",https://boards.greenhouse.io/forward,7,"Founding Growth Marketing Director",no,forward.greenhouse.ats-placeholder,,
insert,med,lever,investorflow,"InvestorFlow","InvestorFlow",https://jobs.lever.co/investorflow,18,"AI Product Builder, Associate",no,investorflow.lever.ats-placeholder,,
insert,low,smartrecruiters,devsinc,"Devsinc","Devsinc",https://careers.smartrecruiters.com/devsinc,9,"Senior Java Developer",no,devsinc.smartrecruiters.ats-placeholder,,
insert,low,ashby,echo,"Echo Labs","Echo Labs",https://jobs.ashbyhq.com/echo,21,"ML Research Engineer, Speech",no,echo.ashby.ats-placeholder,,
insert,low,ashby,tilt,"Tilt Finance","Tilt Finance",https://jobs.ashbyhq.com/tilt,10,"Strategy & Operations Manager - Categories",no,tilt.ashby.ats-placeholder,,
insert,low,ashby,vivid,"Vivid Vision","Vivid Vision",https://jobs.ashbyhq.com/vivid,2,"Senior Software Engineer",no,vivid.ashby.ats-placeholder,,
insert,low,ashby,light,"Light Field Lab","Light Field Lab",https://jobs.ashbyhq.com/light,5,"Marketing",no,light.ashby.ats-placeholder,,
insert,high,lever,tesorio,"Tesorio","Tesorio",https://jobs.lever.co/tesorio,1,"Senior Full Stack Software Engineer",no,tesorio.lever.ats-placeholder,,
insert,low,greenhouse,toloka,"Toloka","Toloka",https://boards.greenhouse.io/toloka,12,"Associate Commercial Contracts Counsel",no,toloka.greenhouse.ats-placeholder,,
skip-ats,low,ashby,river,"River Financial","River Financial",https://jobs.ashbyhq.com/river,3,"Staff Software Engineer ",no,river.ashby.ats-placeholder,,
insert,low,ashby,isometric,"Isometric Technologies","Isometric Technologies",https://jobs.ashbyhq.com/isometric,3,"General Application",no,isometric.ashby.ats-placeholder,,
insert,low,greenhouse,brilliantearth,"Brilliant Earth","Brilliant Earth",https://boards.greenhouse.io/brilliantearth,88,"Associate Director, Public Relations",no,brilliantearth.greenhouse.ats-placeholder,,
insert,low,lever,accesssoftek,"Access Softek","Access Softek",https://jobs.lever.co/accesssoftek,4,"Business Development Manager (Digital Banking)",no,accesssoftek.lever.ats-placeholder,,
insert,med,ashby,savvymoney,"SavvyMoney","SavvyMoney",https://jobs.ashbyhq.com/savvymoney,13,"Senior Software Development Engineer, Backend (India)",no,savvymoney.ashby.ats-placeholder,,
insert,low,greenhouse,pairteam,"Pair Team","Pair Team",https://boards.greenhouse.io/pairteam,22,"Bilingual Case Management Specialist (Remote Flexible, Spanish Speaking)",no,pairteam.greenhouse.ats-placeholder,,
insert,med,ashby,withflex,"Flex (withflex.com)","Flex",https://jobs.ashbyhq.com/withflex,8,"Partner Success Manager",no,withflex.ashby.ats-placeholder,,
insert,low,greenhouse,transcarent,"Transcarent","Transcarent",https://boards.greenhouse.io/transcarent,13,"AP Manager",no,transcarent.greenhouse.ats-placeholder,,
insert,med,ashby,depthfirst,"depthfirst","depthfirst",https://jobs.ashbyhq.com/depthfirst,10,"Product Engineer",no,depthfirst.ashby.ats-placeholder,,
insert,low,smartrecruiters,resultscom,"RESULTS.com","RESULTS.com",https://careers.smartrecruiters.com/resultscom,4,"Digital Marketing Manager",no,resultscom.smartrecruiters.ats-placeholder,,
insert,high,ashby,arbor,"Arbor","Arbor",https://jobs.ashbyhq.com/arbor,2,"Senior/Staff Back-end Engineer",no,arbor.ashby.ats-placeholder,,
insert,low,ashby,human,"Human Dx","Human Dx",https://jobs.ashbyhq.com/human,12,"Senior Account Executive",no,human.ashby.ats-placeholder,,
update-by-name,low,greenhouse,harmonic,"Harmonic (www.harmonic.com)","Harmonic",https://boards.greenhouse.io/harmonic,11,"Account Executive",no,harmonic.co,"Harmonic",harmonic.co
insert,low,ashby,develop-health,"Develop Health","Develop Health",https://jobs.ashbyhq.com/develop-health,1,"Senior Executive Assistant",no,develop-health.ashby.ats-placeholder,,
insert,low,greenhouse,ventiva,"Ventiva","Ventiva",https://boards.greenhouse.io/ventiva,2,"Ventiva Talent Community Network, Taiwan",no,ventiva.greenhouse.ats-placeholder,,
insert,low,ashby,starknetfoundation,"Starknet Foundation","Starknet Foundation",https://jobs.ashbyhq.com/starknetfoundation,4,"Business Development (Future Opportunities)",no,starknetfoundation.ashby.ats-placeholder,,
insert,low,greenhouse,dialpad,"Dialpad","Dialpad",https://boards.greenhouse.io/dialpad,82,"Account Executive, Commercial",no,dialpad.greenhouse.ats-placeholder,,
insert,high,lever,vergesense,"VergeSense","VergeSense",https://jobs.lever.co/vergesense,1,"Senior Product Manager, Decision Intelligence",no,vergesense.lever.ats-placeholder,,
insert,low,smartrecruiters,praetoriandigital,"Praetorian Digital","Praetorian Digital",https://careers.smartrecruiters.com/praetoriandigital,1,"Digital Media Marketing Intern",no,praetoriandigital.smartrecruiters.ats-placeholder,,
insert,med,lever,aircall,"Aircall","Aircall",https://jobs.lever.co/aircall,107,"Account Executive - Strategic",no,aircall.lever.ats-placeholder,,
insert,low,lever,dollskill,"Dolls Kill","Dolls Kill",https://jobs.lever.co/dollskill,8,"Art Director",no,dollskill.lever.ats-placeholder,,
insert,low,smartrecruiters,unifisoftware,"UNIFi Software Inc.","UNIFi Software Inc.",https://careers.smartrecruiters.com/unifisoftware,1,"Sr. Software Engineer, Frontend",no,unifisoftware.smartrecruiters.ats-placeholder,,
insert,low,ashby,gorilla,"Gorilla Corporation","Gorilla Corporation",https://jobs.ashbyhq.com/gorilla,5,"Energy Consultant - Pre-sales Consulting & Commercial Solutions",no,gorilla.ashby.ats-placeholder,,
insert,low,greenhouse,carbondirect,"Carbon Direct","Carbon Direct",https://boards.greenhouse.io/carbondirect,5,"General Application",no,carbondirect.greenhouse.ats-placeholder,,
insert,low,ashby,stand,"Stand & Deliver","Stand & Deliver",https://jobs.ashbyhq.com/stand,1,"Founding Full Stack Engineer",no,stand.ashby.ats-placeholder,,
insert,low,greenhouse,zuora,"Zuora","Zuora",https://boards.greenhouse.io/zuora,49,"Account Executive IV",no,zuora.greenhouse.ats-placeholder,,
insert,high,lever,horizon,"Horizon","Horizon",https://jobs.lever.co/horizon,1,"Research Scientist",no,horizon.lever.ats-placeholder,,
skip-ats,med,ashby,allocate,"Allocate","Allocate",https://jobs.ashbyhq.com/allocate,11,"Managing Director/Director, Relationship Management, Wealth Advisory",no,allocate.ashby.ats-placeholder,,
insert,low,greenhouse,tribal,"Tribal","Tribal",https://boards.greenhouse.io/tribal,1,"Project Manager",no,tribal.greenhouse.ats-placeholder,,
insert,med,ashby,cardless,"Cardless","Cardless",https://jobs.ashbyhq.com/cardless,23,"Marketing Compliance Manager",no,cardless.ashby.ats-placeholder,,
insert,low,greenhouse,lucenia,"Lucenia","Lucenia",https://boards.greenhouse.io/lucenia,3,"Director of Sales and Partnerships - Lucenia",no,lucenia.greenhouse.ats-placeholder,,
insert,low,smartrecruiters,eiqmobility,"eIQ Mobility, a NextEra Energy Company","eIQ Mobility, a NextEra Energy Company",https://careers.smartrecruiters.com/eiqmobility,2,"Software Architect",no,eiqmobility.smartrecruiters.ats-placeholder,,
insert,low,lever,lyterian,"Lyterian Therapeutics","Lyterian Therapeutics",https://jobs.lever.co/lyterian,1,"Scientist I, Biology",no,lyterian.lever.ats-placeholder,,
insert,low,greenhouse,myshell,"MyShell.ai","MyShell.ai",https://boards.greenhouse.io/myshell,6,"AI Backend Engineer",no,myshell.greenhouse.ats-placeholder,,
insert,low,smartrecruiters,claraanalytics,"CLARA Analytics","CLARA Analytics",https://careers.smartrecruiters.com/claraanalytics,1,"Data Scientist",no,claraanalytics.smartrecruiters.ats-placeholder,,
insert,med,ashby,promise,"Promise","Promise",https://jobs.ashbyhq.com/promise,27,"Product Strategist",no,promise.ashby.ats-placeholder,,
insert,low,greenhouse,aura,"Aura","Aura",https://boards.greenhouse.io/aura,6,"French, Dutch & English Customer Experience Specialist",no,aura.greenhouse.ats-placeholder,,
insert,low,greenhouse,orchestra,"Orchestra","Orchestra",https://boards.greenhouse.io/orchestra,38,"Account Coordinator, Public Affairs",no,orchestra.greenhouse.ats-placeholder,,
insert,low,greenhouse,axiom,"Axiom (axiom.co)","Axiom",https://boards.greenhouse.io/axiom,23,"Account Executive (Enterprise )",no,axiom.greenhouse.ats-placeholder,,
insert,low,ashby,genesis,"Genesis Therapeutics","Genesis Therapeutics",https://jobs.ashbyhq.com/genesis,30,"Member of Technical Staff, Foundation Models (Bay Area)",no,genesis.ashby.ats-placeholder,,
insert,low,smartrecruiters,modernloop,"ModernLoop","ModernLoop",https://careers.smartrecruiters.com/modernloop,15,"Bubble Transport Assistant",no,modernloop.smartrecruiters.ats-placeholder,,
insert,high,lever,stockpile,"Stockpile","Stockpile",https://jobs.lever.co/stockpile,1,"Contract Video Editor (YouTube & Ad Creative)",no,stockpile.lever.ats-placeholder,,
insert,med,ashby,teiko,"Teiko","Teiko",https://jobs.ashbyhq.com/teiko,6,"Sales Development Representative",no,teiko.ashby.ats-placeholder,,
insert,low,smartrecruiters,wiser,"Wiser Solutions","Wiser Solutions",https://careers.smartrecruiters.com/wiser,1,"Register your interest | HaysMac Early Careers (January 2027)",no,wiser.smartrecruiters.ats-placeholder,,
insert,high,ashby,aidkit,"AidKit","AidKit",https://jobs.ashbyhq.com/aidkit,2,"General Interest Job Form",no,aidkit.ashby.ats-placeholder,,
insert,low,greenhouse,iterativehealth,"Iterative Health","Iterative Health",https://boards.greenhouse.io/iterativehealth,49,"Accounts Receivable (AR)  Manager",no,iterativehealth.greenhouse.ats-placeholder,,
skip-ats,low,ashby,wheel,"Wheel the World","Wheel the World",https://jobs.ashbyhq.com/wheel,9,"Provider Operations Associate / Lead",no,wheel.ashby.ats-placeholder,,
skip-ats,high,ashby,clubhouse,"Clubhouse","Clubhouse",https://jobs.ashbyhq.com/clubhouse,2,"💻 Software Engineer, Backend (Senior)",no,clubhouse.ashby.ats-placeholder,,
insert,low,greenhouse,flyflat,"FlyFlat","FlyFlat",https://boards.greenhouse.io/flyflat,2,"Luxury Travel Manager",no,flyflat.greenhouse.ats-placeholder,,
insert,med,ashby,notable,"Notable (notablehealth.com)","Notable",https://jobs.ashbyhq.com/notable,16,"Staff Fullstack Software Engineer",no,notable.ashby.ats-placeholder,,
insert,low,greenhouse,aralezbio,"Aralez Bio","Aralez Bio",https://boards.greenhouse.io/aralezbio,5,"Fermentation Research Associate II/III",no,aralezbio.greenhouse.ats-placeholder,,
insert,low,lever,gate,"Gate Bioscience","Gate Bioscience",https://jobs.lever.co/gate,25,"AI研发工程师",no,gate.lever.ats-placeholder,,
skip-ats,low,greenhouse,upgrade,"Upgrade, Inc.","Upgrade, Inc.",https://boards.greenhouse.io/upgrade,23,"Account Executive, Home Improvement",no,upgrade.greenhouse.ats-placeholder,,
skip-ats,low,greenhouse,array,"Array Interactive","Array Interactive",https://boards.greenhouse.io/array,19,"Account Executive",no,array.greenhouse.ats-placeholder,,
insert,low,ashby,level,"Level Home","Level Home",https://jobs.ashbyhq.com/level,32,"General Application (Austin, TX)",no,level.ashby.ats-placeholder,,
insert,low,greenhouse,tigera,"Tigera","Tigera",https://boards.greenhouse.io/tigera,7,"Account Executive - Enterprise ",no,tigera.greenhouse.ats-placeholder,,
insert,med,ashby,fin,"Fin","Fin",https://jobs.ashbyhq.com/fin,7,"Account Executive, Field Sales",no,fin.ashby.ats-placeholder,,
insert,low,ashby,complete,"Complete Genomics","Complete Genomics",https://jobs.ashbyhq.com/complete,7,"Don't see a role for you?",no,complete.ashby.ats-placeholder,,
insert,low,smartrecruiters,cacheflow,"Cacheflow","Cacheflow",https://careers.smartrecruiters.com/cacheflow,5,"UX Designer",no,cacheflow.smartrecruiters.ats-placeholder,,
insert,low,greenhouse,atomicmachines,"Atomic Machines","Atomic Machines",https://boards.greenhouse.io/atomicmachines,40,"Accountant",no,atomicmachines.greenhouse.ats-placeholder,,
insert,med,lever,nimblerx,"NimbleRx","NimbleRx",https://jobs.lever.co/nimblerx,18,"Account Executive",no,nimblerx.lever.ats-placeholder,,
insert,low,smartrecruiters,sigmasoftware,"Sigma Software Vertex","Sigma Software Vertex",https://careers.smartrecruiters.com/sigmasoftware,1,"Junior Test Engineer",no,sigmasoftware.smartrecruiters.ats-placeholder,,
insert,low,ashby,brimstone,"Brimstone Energy","Brimstone Energy",https://jobs.ashbyhq.com/brimstone,2,"Future Rock Star—General Application",no,brimstone.ashby.ats-placeholder,,
insert,low,greenhouse,melio,"Melio (melio.tech)","Melio",https://boards.greenhouse.io/melio,23,"Account Executive - SMB",no,melio.greenhouse.ats-placeholder,,
insert,low,ashby,kiwi,"Kiwi, Inc.","Kiwi, Inc.",https://jobs.ashbyhq.com/kiwi,2,"Ai Engineering Lead ",no,kiwi.ashby.ats-placeholder,,
insert,med,lever,everbridge,"Everbridge","Everbridge",https://jobs.lever.co/everbridge,14,"Data Analyst (AI & Data Platform)",no,everbridge.lever.ats-placeholder,,
insert,low,greenhouse,elementcritical,"Element Critical","Element Critical",https://boards.greenhouse.io/elementcritical,3,"Data Center Controls Engineer ",no,elementcritical.greenhouse.ats-placeholder,,
insert,low,greenhouse,formic,"Formic Labs","Formic Labs",https://boards.greenhouse.io/formic,38,"Automation Sales Manager",no,formic.greenhouse.ats-placeholder,,
insert,low,greenhouse,hazel,"Hazel Health","Hazel Health",https://boards.greenhouse.io/hazel,16,"General Interest Application for Mental Health Therapists",no,hazel.greenhouse.ats-placeholder,,
insert,low,ashby,paragon,"Paragon Genomics","Paragon Genomics",https://jobs.ashbyhq.com/paragon,4,"Technical Product Manager",no,paragon.ashby.ats-placeholder,,
insert,low,lever,objective,"Objective, Inc.","Objective, Inc.",https://jobs.lever.co/objective,16,"Account Director",no,objective.lever.ats-placeholder,,
insert,high,ashby,fig,"Fig","Fig",https://jobs.ashbyhq.com/fig,1,"Test job",no,fig.ashby.ats-placeholder,,
insert,low,lever,businesswire,"Business Wire","Business Wire",https://jobs.lever.co/businesswire,6,"Sales Development  Representative- French Speaking",no,businesswire.lever.ats-placeholder,,
insert,low,greenhouse,nimblerobotics,"Nimble Robotics","Nimble Robotics",https://boards.greenhouse.io/nimblerobotics,22,"AI Robotics Research Engineer",no,nimblerobotics.greenhouse.ats-placeholder,,
insert,low,greenhouse,everlaw,"Everlaw","Everlaw",https://boards.greenhouse.io/everlaw,36,"Atlassian Systems Engineer",no,everlaw.greenhouse.ats-placeholder,,
insert,low,smartrecruiters,hummingbotio,"hummingbot.io","hummingbot.io",https://careers.smartrecruiters.com/hummingbotio,4,"Operations Administrator",no,hummingbotio.smartrecruiters.ats-placeholder,,
insert,low,ashby,pearl,"Pearl Lemon","Pearl Lemon",https://jobs.ashbyhq.com/pearl,14,"Customer Success Associate (Part-Time)",no,pearl.ashby.ats-placeholder,,
insert,low,ashby,ready,"Ready Set","Ready Set",https://jobs.ashbyhq.com/ready,4,"Don't see a role for you? Feel free to apply directly here!",no,ready.ashby.ats-placeholder,,
insert,low,smartrecruiters,metroguild,"MetroGuild","MetroGuild",https://careers.smartrecruiters.com/metroguild,2,"Business Development Executive - Mumbai",no,metroguild.smartrecruiters.ats-placeholder,,
insert,med,ashby,fuse,"Fuse (f.energy)","Fuse",https://jobs.ashbyhq.com/fuse,17,"Electrical Engineer - San Leandro",no,fuse.ashby.ats-placeholder,,
insert,low,ashby,atroposhealth,"Atropos Health","Atropos Health",https://jobs.ashbyhq.com/atroposhealth,5,"Future Openings",no,atroposhealth.ashby.ats-placeholder,,
insert,med,ashby,engflow,"EngFlow","EngFlow",https://jobs.ashbyhq.com/engflow,11,"Implementation Engineer",no,engflow.ashby.ats-placeholder,,
insert,low,smartrecruiters,intuitive,"Intuitive Autonomy","Intuitive Autonomy",https://careers.smartrecruiters.com/intuitive,100,"Robotics Software Engineer",no,intuitive.smartrecruiters.ats-placeholder,,
insert,med,lever,drivemode,"Drivemode","Drivemode",https://jobs.lever.co/drivemode,20,"Backend Software Engineer (Bilingual - Japanese/ English)",no,drivemode.lever.ats-placeholder,,
insert,high,lever,super-com,"Super.com","Super.com",https://jobs.lever.co/super-com,1,"General Counsel",no,super-com.lever.ats-placeholder,,
insert,low,ashby,artafinance,"Arta Finance","Arta Finance",https://jobs.ashbyhq.com/artafinance,5,"VP of Product, B2B Wealth Platform",no,artafinance.ashby.ats-placeholder,,
insert,low,smartrecruiters,zyper,"Zyper","Zyper",https://careers.smartrecruiters.com/zyper,1,"Sales Development Representative",no,zyper.smartrecruiters.ats-placeholder,,
insert,low,greenhouse,parasail,"Parasail","Parasail",https://boards.greenhouse.io/parasail,8,"Account Executive",no,parasail.greenhouse.ats-placeholder,,
skip-ats,low,lever,kepler,"Kepler Group","Kepler Group",https://jobs.lever.co/kepler,20,"Director of Product - Platform, Payload & Services",no,kepler.lever.ats-placeholder,,
insert,low,lever,kogniz,"Kogniz, Inc.","Kogniz, Inc.",https://jobs.lever.co/kogniz,5,"C++ Software Engineer",no,kogniz.lever.ats-placeholder,,
insert,med,ashby,skyflow,"Skyflow","Skyflow",https://jobs.ashbyhq.com/skyflow,13,"Customer Programs Manager ",no,skyflow.ashby.ats-placeholder,,
insert,low,greenhouse,cognitiv,"Cognitiv","Cognitiv",https://boards.greenhouse.io/cognitiv,5,"Programmatic Strategist, Cross Platform",no,cognitiv.greenhouse.ats-placeholder,,
insert,low,greenhouse,eko,"Eko","Eko",https://boards.greenhouse.io/eko,12,"Creative Associate",no,eko.greenhouse.ats-placeholder,,
insert,low,greenhouse,omidyarnetwork,"Omidyar Network","Omidyar Network",https://boards.greenhouse.io/omidyarnetwork,1,"Head of Communications",no,omidyarnetwork.greenhouse.ats-placeholder,,
insert,low,greenhouse,nexla,"Nexla","Nexla",https://boards.greenhouse.io/nexla,4,"Customer Success Engineer(Remote within India)",no,nexla.greenhouse.ats-placeholder,,
insert,low,greenhouse,keystone,"Keystone Strategy","Keystone Strategy",https://boards.greenhouse.io/keystone,36,"Accounting Manager",no,keystone.greenhouse.ats-placeholder,,
insert,low,greenhouse,grovecollaborative,"Grove Collaborative","Grove Collaborative",https://boards.greenhouse.io/grovecollaborative,4,"Associate Manager, Marketplace & Channel Operations",no,grovecollaborative.greenhouse.ats-placeholder,,
insert,low,greenhouse,system,"System Soft Technologies","System Soft Technologies",https://boards.greenhouse.io/system,3,"Community Manager",no,system.greenhouse.ats-placeholder,,
insert,med,ashby,elicit,"Elicit","Elicit",https://jobs.ashbyhq.com/elicit,13,"General interest",no,elicit.ashby.ats-placeholder,,
insert,low,smartrecruiters,sightcall,"SightCall","SightCall",https://careers.smartrecruiters.com/sightcall,4,"Ingénieur Système",no,sightcall.smartrecruiters.ats-placeholder,,
insert,low,smartrecruiters,epro,"ePro Infosystems, LLC","ePro Infosystems, LLC",https://careers.smartrecruiters.com/epro,3,"Pega SSA",no,epro.smartrecruiters.ats-placeholder,,
insert,low,ashby,phoenix,"Phoenix American","Phoenix American",https://jobs.ashbyhq.com/phoenix,8,"Nurse Practitioner - Virtual Care",no,phoenix.ashby.ats-placeholder,,
insert,med,ashby,boom,"Boom.tv","Boom.tv",https://jobs.ashbyhq.com/boom,12,"Customer Success Manager",no,boom.ashby.ats-placeholder,,
insert,low,smartrecruiters,infobeans,"InfoBeans","InfoBeans",https://careers.smartrecruiters.com/infobeans,6,"Onsite Technical Project Manager",no,infobeans.smartrecruiters.ats-placeholder,,
insert,med,ashby,hatch,"Hatch (hatch.co)","Hatch",https://jobs.ashbyhq.com/hatch,10,"Sales Development Representative",no,hatch.ashby.ats-placeholder,,
insert,med,ashby,terranova,"Terranova","Terranova",https://jobs.ashbyhq.com/terranova,10,"Robotics Controls Engineer",no,terranova.ashby.ats-placeholder,,
insert,low,greenhouse,workithealth,"Workit Health","Workit Health",https://boards.greenhouse.io/workithealth,8,"Controller (Director of Accounting)",no,workithealth.greenhouse.ats-placeholder,,
insert,low,greenhouse,olly,"OLLY PBC","OLLY PBC",https://boards.greenhouse.io/olly,5,"General Application",no,olly.greenhouse.ats-placeholder,,
insert,low,lever,visby,"Visby Medical","Visby Medical",https://jobs.lever.co/visby,3,"Chief Marketing Officer",no,visby.lever.ats-placeholder,,
insert,low,greenhouse,universal,"Universal Energy Solutions","Universal Energy Solutions",https://boards.greenhouse.io/universal,2,"Freelance Designer",no,universal.greenhouse.ats-placeholder,,
skip-ats,low,greenhouse,mill,"Mill","Mill",https://boards.greenhouse.io/mill,10,"AI Engineer, Computer Vision",no,mill.greenhouse.ats-placeholder,,
insert,med,lever,valgenesis,"ValGenesis","ValGenesis",https://jobs.lever.co/valgenesis,50,"Analyst - Sales Operations",no,valgenesis.lever.ats-placeholder,,
insert,low,greenhouse,standardmetrics,"Standard Metrics","Standard Metrics",https://boards.greenhouse.io/standardmetrics,6,"Account Executive",no,standardmetrics.greenhouse.ats-placeholder,,
insert,low,greenhouse,processstreet,"Process Street","Process Street",https://boards.greenhouse.io/processstreet,15,"Account Executive (Remote)",no,processstreet.greenhouse.ats-placeholder,,
insert,low,greenhouse,forwardnetworks,"Forward Networks","Forward Networks",https://boards.greenhouse.io/forwardnetworks,20,"Customer Care Engineer (Technical Support Engineer)",no,forwardnetworks.greenhouse.ats-placeholder,,
insert,low,greenhouse,akuity,"Akuity","Akuity",https://boards.greenhouse.io/akuity,9,"Community Manager - Open Source ",no,akuity.greenhouse.ats-placeholder,,
insert,low,smartrecruiters,peerwell,"PeerWell","PeerWell",https://careers.smartrecruiters.com/peerwell,1,"Inside Sales Rep",no,peerwell.smartrecruiters.ats-placeholder,,
insert,med,lever,britecore,"Britecore (ATX)","Britecore",https://jobs.lever.co/britecore,7,"Enterprise Account Executive",no,britecore.lever.ats-placeholder,,
insert,low,smartrecruiters,pramata,"Pramata","Pramata",https://careers.smartrecruiters.com/pramata,1,"Technical Lead",no,pramata.smartrecruiters.ats-placeholder,,
update-by-name,med,ashby,ditto,"Ditto (ditt.ai)","Ditto",https://jobs.ashbyhq.com/ditto,25,"Senior Public Safety and DHS Account Executive",no,ditto.com,"Ditto",ditto.com
insert,low,greenhouse,roofstock,"Roofstock","Roofstock",https://boards.greenhouse.io/roofstock,52,"Analyst ",no,roofstock.greenhouse.ats-placeholder,,
insert,low,greenhouse,mcafee,"McAfee","McAfee",https://boards.greenhouse.io/mcafee,2,"HVAC Lead Installer ",no,mcafee.greenhouse.ats-placeholder,,
insert,low,ashby,backbone,"Backbone Software","Backbone Software",https://jobs.ashbyhq.com/backbone,2,"Product Engineer, Founding Team",no,backbone.ashby.ats-placeholder,,
insert,low,greenhouse,kasa,"Kasa Living, Inc.","Kasa Living, Inc.",https://boards.greenhouse.io/kasa,27,"Area General Manager",no,kasa.greenhouse.ats-placeholder,,
insert,low,greenhouse,coalition,"Coalition","Coalition",https://boards.greenhouse.io/coalition,20,"Applied Scientist II",no,coalition.greenhouse.ats-placeholder,,
insert,low,greenhouse,appnovation,"Appnovation","Appnovation",https://boards.greenhouse.io/appnovation,27,"Associate- Adobe Experience Manager Developer ",no,appnovation.greenhouse.ats-placeholder,,
insert,low,greenhouse,idme,"ID.me","ID.me",https://boards.greenhouse.io/idme,30,"Account Executive, Communities  - Northern California",no,idme.greenhouse.ats-placeholder,,
insert,low,smartrecruiters,together,"Together Labs","Together Labs",https://careers.smartrecruiters.com/together,20,"Finance Manager",no,together.smartrecruiters.ats-placeholder,,
insert,low,ashby,clarity,"Clarity Movement","Clarity Movement",https://jobs.ashbyhq.com/clarity,4,"Web: Full Stack Tech Lead",no,clarity.ashby.ats-placeholder,,
skip-ats,low,greenhouse,natera,"Natera","Natera",https://boards.greenhouse.io/natera,198,"Accessioning Team Runner",no,natera.greenhouse.ats-placeholder,,
insert,med,lever,integrate,"Integrate.io","Integrate.io",https://jobs.lever.co/integrate,11,"Backend Engineer",no,integrate.lever.ats-placeholder,,
insert,low,greenhouse,sojern,"Sojern","Sojern",https://boards.greenhouse.io/sojern,1,"Don't see the right job? Join Sojern's Talent Network    ",no,sojern.greenhouse.ats-placeholder,,
insert,low,greenhouse,clara,"Clara Labs","Clara Labs",https://boards.greenhouse.io/clara,84,"Account Executive (Accounts Payable) (Executivo de Vendas - Contas a Pagar) - Sã",no,clara.greenhouse.ats-placeholder,,
skip-ats,high,lever,brilliant,"Brilliant.org","Brilliant.org",https://jobs.lever.co/brilliant,3,"CS Learning Designer",no,brilliant.lever.ats-placeholder,,
insert,low,ashby,anatomy-financial,"Anatomy Financial","Anatomy Financial",https://jobs.ashbyhq.com/anatomy-financial,3,"Senior Software Engineer",no,anatomy-financial.ashby.ats-placeholder,,
insert,low,ashby,pliant,"Pliant Therapeutics","Pliant Therapeutics",https://jobs.ashbyhq.com/pliant,32,"Business Development Manager - France (m/f/d)",no,pliant.ashby.ats-placeholder,,
insert,low,greenhouse,paradigm,"Paradigm Corp","Paradigm Corp",https://boards.greenhouse.io/paradigm,3,"Enterprise Account Executive",no,paradigm.greenhouse.ats-placeholder,,
insert,high,lever,argonaut,"ARGONAUT","ARGONAUT",https://jobs.lever.co/argonaut,2,"Freelance Interest",no,argonaut.lever.ats-placeholder,,
insert,low,greenhouse,bluebirdkidshealth,"Bluebird Kids Health","Bluebird Kids Health",https://boards.greenhouse.io/bluebirdkidshealth,22,"Care Coordinator ",no,bluebirdkidshealth.greenhouse.ats-placeholder,,
skip-ats,med,ashby,compound,"Compound","Compound",https://jobs.ashbyhq.com/compound,5,"Staff Software Engineer",no,compound.ashby.ats-placeholder,,
skip-ats,low,greenhouse,clever,"Clever Girls Collective","Clever Girls Collective",https://boards.greenhouse.io/clever,5,"Legal Counsel",no,clever.greenhouse.ats-placeholder,,
insert,low,lever,extremenetworks,"Extreme Networks","Extreme Networks",https://jobs.lever.co/extremenetworks,54,"Account Executive - Commercial Sector",no,extremenetworks.lever.ats-placeholder,,
insert,low,greenhouse,dnascript,"DNA Script","DNA Script",https://boards.greenhouse.io/dnascript,4,"Engineer, System integration",no,dnascript.greenhouse.ats-placeholder,,
insert,low,greenhouse,yuma,"Yuma AI","Yuma AI",https://boards.greenhouse.io/yuma,1,"General Interest ",no,yuma.greenhouse.ats-placeholder,,
insert,low,lever,genbio,"GenBio AI","GenBio AI",https://jobs.lever.co/genbio,10,"Accounting Manager",no,genbio.lever.ats-placeholder,,
insert,med,ashby,brightwheel,"brightwheel","brightwheel",https://jobs.ashbyhq.com/brightwheel,26,"Staff Product Manager",no,brightwheel.ashby.ats-placeholder,,
insert,low,greenhouse,topsort,"Topsort","Topsort",https://boards.greenhouse.io/topsort,18,"Account Executive, EMEA",no,topsort.greenhouse.ats-placeholder,,
insert,low,ashby,peek,"Peek Kids","Peek Kids",https://jobs.ashbyhq.com/peek,10,"Product Designer",no,peek.ashby.ats-placeholder,,
insert,low,ashby,fathom,"FATHOM 3D Printer","FATHOM 3D Printer",https://jobs.ashbyhq.com/fathom,2,"Coding Quality Advisor",no,fathom.ashby.ats-placeholder,,
insert,med,lever,mashgin,"Mashgin","Mashgin",https://jobs.lever.co/mashgin,15,"AI Developer Experience",no,mashgin.lever.ats-placeholder,,
insert,low,smartrecruiters,lvis,"LVIS","LVIS",https://careers.smartrecruiters.com/lvis,2,"Residential TV Repair Technician",no,lvis.smartrecruiters.ats-placeholder,,
insert,low,ashby,truelinkfinancial,"True Link Financial","True Link Financial",https://jobs.ashbyhq.com/truelinkfinancial,3,"Principal Product Manager",no,truelinkfinancial.ashby.ats-placeholder,,
insert,low,greenhouse,clickhouse,"ClickHouse","ClickHouse",https://boards.greenhouse.io/clickhouse,169,"Cloud Database Infrastructure Engineer",no,clickhouse.greenhouse.ats-placeholder,,
insert,med,ashby,mudflap,"Mudflap","Mudflap",https://jobs.ashbyhq.com/mudflap,20,"Senior Strategic Operations Manager",no,mudflap.ashby.ats-placeholder,,
insert,low,greenhouse,current,"Current Global","Current Global",https://boards.greenhouse.io/current,4,"Digital Producer ",no,current.greenhouse.ats-placeholder,,
insert,low,greenhouse,productschool,"Product School","Product School",https://boards.greenhouse.io/productschool,1,"Product Management Coach & Instructor",no,productschool.greenhouse.ats-placeholder,,
insert,low,greenhouse,myfitnesspal,"MyFitnessPal","MyFitnessPal",https://boards.greenhouse.io/myfitnesspal,4,"Growth Marketing Specialist - Cal AI",no,myfitnesspal.greenhouse.ats-placeholder,,
insert,low,greenhouse,sonicwall,"SonicWall","SonicWall",https://boards.greenhouse.io/sonicwall,35,"Customer Life Cycle Specialist",no,sonicwall.greenhouse.ats-placeholder,,
insert,low,smartrecruiters,cdnetworks,"CDNetworks","CDNetworks",https://careers.smartrecruiters.com/cdnetworks,2,"TSE",no,cdnetworks.smartrecruiters.ats-placeholder,,
insert,low,lever,pivotal,"Pivotal Systems","Pivotal Systems",https://jobs.lever.co/pivotal,29,"Aircraft Mechanic II",no,pivotal.lever.ats-placeholder,,
insert,low,greenhouse,opswat,"Opswat","Opswat",https://boards.greenhouse.io/opswat,93,"Account Executive - Hanoi, Vietnam (BFSI & Enterprise)",no,opswat.greenhouse.ats-placeholder,,
insert,low,smartrecruiters,jscrambler,"Jscrambler","Jscrambler",https://careers.smartrecruiters.com/jscrambler,2,"DevOps Engineer",no,jscrambler.smartrecruiters.ats-placeholder,,
insert,low,ashby,morningconsult,"Morning Consult","Morning Consult",https://jobs.ashbyhq.com/morningconsult,13,"Senior Account Manager, SaaS",no,morningconsult.ashby.ats-placeholder,,
update-by-name,low,greenhouse,superset,"super{set}","super{set}",https://boards.greenhouse.io/superset,5,"Account Executive",no,waas-superset.placeholder,"Superset",waas-superset.placeholder
insert,low,smartrecruiters,sageintacct,"Sage Intacct","Sage Intacct",https://careers.smartrecruiters.com/sageintacct,2,"Sales Engineer",no,sageintacct.smartrecruiters.ats-placeholder,,
insert,low,greenhouse,wing,"Wing","Wing",https://boards.greenhouse.io/wing,36,"Accounting Lead",no,wing.greenhouse.ats-placeholder,,
insert,med,ashby,sardine,"Sardine","Sardine",https://jobs.ashbyhq.com/sardine,26,"Data Scientist",no,sardine.ashby.ats-placeholder,,
insert,low,ashby,kira,"Kira Learning","Kira Learning",https://jobs.ashbyhq.com/kira,21,"Demand Gen, Senior Manager",no,kira.ashby.ats-placeholder,,
insert,low,greenhouse,altisales,"AltiSales","AltiSales",https://boards.greenhouse.io/altisales,4,"Data Operations Manager (LatAm, Remote)",no,altisales.greenhouse.ats-placeholder,,
insert,low,ashby,double,"Double Fine Productions","Double Fine Productions",https://jobs.ashbyhq.com/double,7,"Customer Success Manager",no,double.ashby.ats-placeholder,,
insert,low,ashby,manex,"Manex Consulting","Manex Consulting",https://jobs.ashbyhq.com/manex,5,"Customer Impact Engineer (f/m/d)",no,manex.ashby.ats-placeholder,,
insert,med,ashby,simular,"Simular","Simular",https://jobs.ashbyhq.com/simular,15,"People & Operations Intern",no,simular.ashby.ats-placeholder,,
insert,low,greenhouse,sumologic,"Sumo Logic","Sumo Logic",https://boards.greenhouse.io/sumologic,46,"Account Executive ",no,sumologic.greenhouse.ats-placeholder,,
insert,low,greenhouse,sisense,"Sisense","Sisense",https://boards.greenhouse.io/sisense,12,"Builder Evangelist",no,sisense.greenhouse.ats-placeholder,,
insert,low,greenhouse,seesaw,"Seesaw","Seesaw",https://boards.greenhouse.io/seesaw,11,"Frontend Software Engineer",no,seesaw.greenhouse.ats-placeholder,,
insert,low,smartrecruiters,yassir,"Yassir","Yassir",https://careers.smartrecruiters.com/yassir,6,"Frontend Software Engineer (f/m/x)",no,yassir.smartrecruiters.ats-placeholder,,
skip-ats,low,lever,pattern,"Pattern Energy","Pattern Energy",https://jobs.lever.co/pattern,107,"Accounts Receivable Manager",no,pattern.lever.ats-placeholder,,
insert,low,greenhouse,appier,"Appier","Appier",https://boards.greenhouse.io/appier,82,"Account Manager, Advertising Solutions",no,appier.greenhouse.ats-placeholder,,
insert,low,smartrecruiters,welltory,"Welltory Health App","Welltory Health App",https://careers.smartrecruiters.com/welltory,1,"Monitoring Engeneer",no,welltory.smartrecruiters.ats-placeholder,,
insert,med,ashby,architect,"Architect","Architect",https://jobs.ashbyhq.com/architect,11,"Member of Technical Staff - ML Research",no,architect.ashby.ats-placeholder,,
insert,med,ashby,phantom,"Phantom","Phantom",https://jobs.ashbyhq.com/phantom,13,"Senior Software Engineer, Frontend",no,phantom.ashby.ats-placeholder,,
insert,low,greenhouse,alumis,"Alumis","Alumis",https://boards.greenhouse.io/alumis,17,"Associate Director/Senior Manager, Data Science (Statistical Programming)",no,alumis.greenhouse.ats-placeholder,,
insert,low,greenhouse,interviewkickstart,"Interview Kickstart","Interview Kickstart",https://boards.greenhouse.io/interviewkickstart,22,"Assistant Manager/ Manager, Performance Marketing",no,interviewkickstart.greenhouse.ats-placeholder,,
insert,high,lever,zingtree,"Zingtree","Zingtree",https://jobs.lever.co/zingtree,3,"SaaS Solutions Architect (Post Sales Implementation)",no,zingtree.lever.ats-placeholder,,
insert,low,greenhouse,helloheart,"Hello Heart","Hello Heart",https://boards.greenhouse.io/helloheart,19,"Art Director (Product Design)",no,helloheart.greenhouse.ats-placeholder,,
insert,low,ashby,qualified,"Qualified Health","Qualified Health",https://jobs.ashbyhq.com/qualified,12,"Senior Technical Support Specialist (PST or MST)",no,qualified.ashby.ats-placeholder,,
insert,low,greenhouse,fluxon,"Fluxon","Fluxon",https://boards.greenhouse.io/fluxon,27,"Brand & Growth Designer",no,fluxon.greenhouse.ats-placeholder,,
insert,med,lever,belong,"Belong","Belong",https://jobs.lever.co/belong,44,"Account Executive (Full Cycle)",no,belong.lever.ats-placeholder,,
insert,med,lever,weride,"WeRide.ai","WeRide.ai",https://jobs.lever.co/weride,35,"2026 Summer Intern - PhD",no,weride.lever.ats-placeholder,,
insert,low,greenhouse,researchpartnership,"Research Partnership","Research Partnership",https://boards.greenhouse.io/researchpartnership,23,"Associate Director",no,researchpartnership.greenhouse.ats-placeholder,,
insert,low,smartrecruiters,techvedika,"TechVedika","TechVedika",https://careers.smartrecruiters.com/techvedika,4,"Azure Databricks ",no,techvedika.smartrecruiters.ats-placeholder,,
insert,low,ashby,deductive,"Deductive AI","Deductive AI",https://jobs.ashbyhq.com/deductive,3,"Software Engineer Intern (Fall '24)",no,deductive.ashby.ats-placeholder,,
insert,low,smartrecruiters,digital-nirvana,"Digital Nirvana","Digital Nirvana",https://careers.smartrecruiters.com/digital-nirvana,1,"Fresher opening for PHP Developers",no,digital-nirvana.smartrecruiters.ats-placeholder,,
insert,high,lever,influ2,"Influ2","Influ2",https://jobs.lever.co/influ2,1,"Customer Success Manager",no,influ2.lever.ats-placeholder,,
insert,low,smartrecruiters,freshworks,"Freshworks","Freshworks",https://careers.smartrecruiters.com/freshworks,27,"Director, Marketing Strategy & Operations",no,freshworks.smartrecruiters.ats-placeholder,,
insert,med,lever,doxel,"Doxel","Doxel",https://jobs.lever.co/doxel,16,"Construction Analytics Solutions Engineer",no,doxel.lever.ats-placeholder,,
insert,high,lever,sapling,"Sapling","Sapling",https://jobs.lever.co/sapling,1,"pr9jp",no,sapling.lever.ats-placeholder,,
insert,low,greenhouse,rzr,"RZR","RZR",https://boards.greenhouse.io/rzr,50,"Account Executive - CN",no,rzr.greenhouse.ats-placeholder,,
insert,med,ashby,overjet,"Overjet","Overjet",https://jobs.ashbyhq.com/overjet,30,"Director of Financial Systems",no,overjet.ashby.ats-placeholder,,
insert,low,smartrecruiters,cloverleafcare,"Cloverleaf Care","Cloverleaf Care",https://careers.smartrecruiters.com/cloverleafcare,1,"Testing",no,cloverleafcare.smartrecruiters.ats-placeholder,,
insert,low,lever,mechanicalorchard,"Mechanical Orchard","Mechanical Orchard",https://jobs.lever.co/mechanicalorchard,8,"Director of Engineering, Product Infrastructure and Release Engineering",no,mechanicalorchard.lever.ats-placeholder,,
insert,low,greenhouse,swingeducation,"Swing Education","Swing Education",https://boards.greenhouse.io/swingeducation,4,"Account Executive - Southern California",no,swingeducation.greenhouse.ats-placeholder,,
insert,high,ashby,base,"Base","Base",https://jobs.ashbyhq.com/base,3,"General Inquiry",no,base.ashby.ats-placeholder,,
insert,low,greenhouse,motive,"Motive Medical Intelligence","Motive Medical Intelligence",https://boards.greenhouse.io/motive,3,"Account Director - Experiential and Sponsorship Activation  (Denver, Chicago, Lo",no,motive.greenhouse.ats-placeholder,,
insert,low,greenhouse,freenome,"Freenome","Freenome",https://boards.greenhouse.io/freenome,28,"Clinical Research Associate (Contractor)",no,freenome.greenhouse.ats-placeholder,,
insert,low,greenhouse,pronto,"Pronto Networks","Pronto Networks",https://boards.greenhouse.io/pronto,2,"Field Engineer - Saudi Arabia",no,pronto.greenhouse.ats-placeholder,,
insert,low,greenhouse,polaris,"Polaris Networks","Polaris Networks",https://boards.greenhouse.io/polaris,1,"Senior SNF Regulatory Consultant",no,polaris.greenhouse.ats-placeholder,,
insert,low,ashby,ellipsis-health,"Ellipsis Health","Ellipsis Health",https://jobs.ashbyhq.com/ellipsis-health,8,"Senior Backend Developer",no,ellipsis-health.ashby.ats-placeholder,,
insert,low,greenhouse,conviva,"Conviva","Conviva",https://boards.greenhouse.io/conviva,7,"Accountant, Payroll and Stock",no,conviva.greenhouse.ats-placeholder,,
insert,low,ashby,limelight-steel,"Limelight Steel","Limelight Steel",https://jobs.ashbyhq.com/limelight-steel,3,"Future Teammate — General Application",no,limelight-steel.ashby.ats-placeholder,,
insert,low,greenhouse,classpass,"ClassPass","ClassPass",https://boards.greenhouse.io/classpass,59,"Account Manager",no,classpass.greenhouse.ats-placeholder,,
insert,low,greenhouse,qventus,"Qventus, Inc","Qventus, Inc",https://boards.greenhouse.io/qventus,15,"Area Vice President  Sales",no,qventus.greenhouse.ats-placeholder,,
insert,med,ashby,kognitos,"Kognitos","Kognitos",https://jobs.ashbyhq.com/kognitos,6,"Staff Software Engineer",no,kognitos.ashby.ats-placeholder,,
insert,low,ashby,materialsecurity,"Material Security","Material Security",https://jobs.ashbyhq.com/materialsecurity,8,"Account Executive, SMB",no,materialsecurity.ashby.ats-placeholder,,
insert,low,greenhouse,jaris,"Jaris","Jaris",https://boards.greenhouse.io/jaris,1,"Data Scientist",no,jaris.greenhouse.ats-placeholder,,
insert,low,smartrecruiters,line2,"Line2","Line2",https://careers.smartrecruiters.com/line2,2,"iOS Senior Developer",no,line2.smartrecruiters.ats-placeholder,,
insert,low,smartrecruiters,widercircle,"Wider Circle","Wider Circle",https://careers.smartrecruiters.com/widercircle,1,"Group Leader",no,widercircle.smartrecruiters.ats-placeholder,,
insert,low,ashby,post,"Post Intelligence","Post Intelligence",https://jobs.ashbyhq.com/post,4,"Senior Data Engineer - Graph Specialist ",no,post.ashby.ats-placeholder,,
insert,low,ashby,codex,"Codex Beauty","Codex Beauty",https://jobs.ashbyhq.com/codex,1,"Expansion Lead, Kenya",no,codex.ashby.ats-placeholder,,
insert,low,greenhouse,newsbreak,"NewsBreak","NewsBreak",https://boards.greenhouse.io/newsbreak,13,"Account Manager",no,newsbreak.greenhouse.ats-placeholder,,
insert,low,greenhouse,octave,"Octave Bio","Octave Bio",https://boards.greenhouse.io/octave,23,"Director, IT & Security",no,octave.greenhouse.ats-placeholder,,
insert,low,greenhouse,airspace,"Airspace Defense, Inc","Airspace Defense, Inc",https://boards.greenhouse.io/airspace,16,"Associate Technical Product Manager, Integrations",no,airspace.greenhouse.ats-placeholder,,
insert,low,greenhouse,goodwin,"Goodwin","Goodwin",https://boards.greenhouse.io/goodwin,2,"Aviation Operations Coordinator",no,goodwin.greenhouse.ats-placeholder,,
insert,low,smartrecruiters,armis,"Armis","Armis",https://careers.smartrecruiters.com/armis,2,"QA Team Leader",no,armis.smartrecruiters.ats-placeholder,,
insert,low,greenhouse,quantifind,"Quantifind","Quantifind",https://boards.greenhouse.io/quantifind,17,"Associate Data Scientist",no,quantifind.greenhouse.ats-placeholder,,
insert,low,greenhouse,govini,"Govini","Govini",https://boards.greenhouse.io/govini,48,"Account Executive - DoW",no,govini.greenhouse.ats-placeholder,,
insert,low,greenhouse,mercari,"Mercari","Mercari",https://boards.greenhouse.io/mercari,3,"Software Engineer, Data",no,mercari.greenhouse.ats-placeholder,,
insert,low,smartrecruiters,alten,"Alten Calsoft Labs","Alten Calsoft Labs",https://careers.smartrecruiters.com/alten,100,"Technicien Imagerie Numérique",no,alten.smartrecruiters.ats-placeholder,,
insert,low,lever,creatordeck,"Creator Deck","Creator Deck",https://jobs.lever.co/creatordeck,4,"BDR - Business Development Representative",no,creatordeck.lever.ats-placeholder,,
insert,low,ashby,tides,"Tides Foundation","Tides Foundation",https://jobs.ashbyhq.com/tides,4,"Director, Total Rewards and People Operations",no,tides.ashby.ats-placeholder,,
insert,high,ashby,accord,"Accord (inaccord.com)","Accord",https://jobs.ashbyhq.com/accord,2,"Senior Enterprise Customer Success Manager",no,accord.ashby.ats-placeholder,,
insert,low,ashby,vector,"Vector Atomic","Vector Atomic",https://jobs.ashbyhq.com/vector,4,"Product Manager",no,vector.ashby.ats-placeholder,,
skip-ats,med,ashby,haus,"Haus.io","Haus.io",https://jobs.ashbyhq.com/haus,6,"Future Opportunities at Haus ",no,haus.ashby.ats-placeholder,,
insert,low,ashby,interface,"Interface Masters Technologies","Interface Masters Technologies",https://jobs.ashbyhq.com/interface,3,"Sales Development Representative",no,interface.ashby.ats-placeholder,,
insert,low,ashby,passport,"Passport Capital","Passport Capital",https://jobs.ashbyhq.com/passport,8,"Business Operations Analyst, AI Enablement",no,passport.ashby.ats-placeholder,,
insert,low,ashby,bifrost,"Bifrost AI","Bifrost AI",https://jobs.ashbyhq.com/bifrost,5,"Founder's Office - Strategy Analyst Internship (6 Months)",no,bifrost.ashby.ats-placeholder,,
insert,low,greenhouse,ceribell,"Ceribell","Ceribell",https://boards.greenhouse.io/ceribell,41,"Clinical Account Manager - Central Ohio ",no,ceribell.greenhouse.ats-placeholder,,
insert,low,ashby,contextual,"Contextual AI","Contextual AI",https://jobs.ashbyhq.com/contextual,2,"Founding Full-Stack Engineer",no,contextual.ashby.ats-placeholder,,
insert,low,ashby,hawk,"Hawk Incentives","Hawk Incentives",https://jobs.ashbyhq.com/hawk,17,"Senior Fullstack Java Developer",no,hawk.ashby.ats-placeholder,,
insert,high,ashby,cside,"c/side","c/side",https://jobs.ashbyhq.com/cside,2,"Senior Growth Marketer",no,cside.ashby.ats-placeholder,,
insert,med,lever,cyara,"Cyara","Cyara",https://jobs.lever.co/cyara,25,"Account Executive - North America New Logo",no,cyara.lever.ats-placeholder,,
insert,low,greenhouse,aditumbio,"Aditum Bio","Aditum Bio",https://boards.greenhouse.io/aditumbio,1,"Vice President, Clinical Development - Immunology",no,aditumbio.greenhouse.ats-placeholder,,
skip-ats,low,ashby,rain,"Rain the Growth Agency","Rain the Growth Agency",https://jobs.ashbyhq.com/rain,39,"Backend Engineer",no,rain.ashby.ats-placeholder,,
insert,high,ashby,databook,"Databook","Databook",https://jobs.ashbyhq.com/databook,2,"Head of AI Strategy & Deployment",no,databook.ashby.ats-placeholder,,
insert,low,lever,ltaresearch,"LTA Research","LTA Research",https://jobs.lever.co/ltaresearch,6,"A&P Mechanic",no,ltaresearch.lever.ats-placeholder,,
insert,low,smartrecruiters,lyra,"Lyra","Lyra",https://careers.smartrecruiters.com/lyra,1,"Head of Engineering",no,lyra.smartrecruiters.ats-placeholder,,
insert,low,ashby,agent,"Agent IQ","Agent IQ",https://jobs.ashbyhq.com/agent,16,"Sr. Landscaping Estimator",no,agent.ashby.ats-placeholder,,
insert,low,greenhouse,ethernovia,"Ethernovia","Ethernovia",https://boards.greenhouse.io/ethernovia,32,"ASPICE SPECIALIST",no,ethernovia.greenhouse.ats-placeholder,,
insert,low,greenhouse,springboard,"Springboard","Springboard",https://boards.greenhouse.io/springboard,6,"B2B Marketing Lead",no,springboard.greenhouse.ats-placeholder,,
insert,low,greenhouse,gofundme,"GoFundMe","GoFundMe",https://boards.greenhouse.io/gofundme,46,"Account Executive, Enterprise",no,gofundme.greenhouse.ats-placeholder,,
insert,low,greenhouse,verantos,"Verantos","Verantos",https://boards.greenhouse.io/verantos,4,"Clinical Annotator",no,verantos.greenhouse.ats-placeholder,,
insert,low,smartrecruiters,cartsguru,"Carts Guru","Carts Guru",https://careers.smartrecruiters.com/cartsguru,1,"Business Development Representative",no,cartsguru.smartrecruiters.ats-placeholder,,
insert,low,smartrecruiters,rockyou,"RockYou","RockYou",https://careers.smartrecruiters.com/rockyou,1,"Content Writer/Editor (Contract/Intern)",no,rockyou.smartrecruiters.ats-placeholder,,
insert,low,ashby,prime,"Prime Financial Technologies","Prime Financial Technologies",https://jobs.ashbyhq.com/prime,3,"ML Engineer",no,prime.ashby.ats-placeholder,,
insert,low,ashby,aurorasolar,"Aurora Solar","Aurora Solar",https://jobs.ashbyhq.com/aurorasolar,8,"Senior Software Engineer, Sales Mode",no,aurorasolar.ashby.ats-placeholder,,
insert,low,smartrecruiters,heartvista,"HeartVista.AI","HeartVista.AI",https://careers.smartrecruiters.com/heartvista,1,"Machine Learning Engineer",no,heartvista.smartrecruiters.ats-placeholder,,
insert,high,ashby,kinetic,"Kinetic (kinetic.xyz)","Kinetic",https://jobs.ashbyhq.com/kinetic,2,"Founding Engineer",no,kinetic.ashby.ats-placeholder,,
insert,low,greenhouse,legion,"Legion Technologies","Legion Technologies",https://boards.greenhouse.io/legion,11,"Field Marketing Manager",no,legion.greenhouse.ats-placeholder,,
insert,med,ashby,twelve,"Twelve","Twelve",https://jobs.ashbyhq.com/twelve,8,"Future Opportunities at Twelve",no,twelve.ashby.ats-placeholder,,
insert,low,greenhouse,falconx,"FalconX","FalconX",https://boards.greenhouse.io/falconx,22,"Accounting Manager, Capital Markets/Trading",no,falconx.greenhouse.ats-placeholder,,
insert,low,ashby,ultra,"Ultra Clean Technology","Ultra Clean Technology",https://jobs.ashbyhq.com/ultra,5,"Head of Retail",no,ultra.ashby.ats-placeholder,,
insert,high,ashby,tango,"Tango (tango.me)","Tango",https://jobs.ashbyhq.com/tango,1,"Keep me in mind! ",no,tango.ashby.ats-placeholder,,
skip-ats,low,greenhouse,prolific,"Prolific Minds","Prolific Minds",https://boards.greenhouse.io/prolific,174,"AI Trainer - Advanced Arabic Fluency (Boston)",no,prolific.greenhouse.ats-placeholder,,
insert,low,greenhouse,prevail,"Prevail Legal","Prevail Legal",https://boards.greenhouse.io/prevail,15,"Account Executive",no,prevail.greenhouse.ats-placeholder,,
insert,low,lever,gatorbio,"Gator Bio","Gator Bio",https://jobs.lever.co/gatorbio,2,"Field Service Engineer",no,gatorbio.lever.ats-placeholder,,
insert,med,lever,unitq,"unitQ","unitQ",https://jobs.lever.co/unitq,5,"Account Executive",no,unitq.lever.ats-placeholder,,
skip-ats,low,lever,blue,"Blue Clover Devices","Blue Clover Devices",https://jobs.lever.co/blue,3,"Data Engineer",no,blue.lever.ats-placeholder,,
insert,med,ashby,cube,"Cube (cube.dev)","Cube",https://jobs.ashbyhq.com/cube,17,"Customer Data Lead",no,cube.ashby.ats-placeholder,,
insert,low,greenhouse,tekion,"Tekion","Tekion",https://boards.greenhouse.io/tekion,45,"Architect, Software Engineering - Frontend - Integration ",no,tekion.greenhouse.ats-placeholder,,
insert,low,smartrecruiters,ajua,"Ajua","Ajua",https://careers.smartrecruiters.com/ajua,9,"Senior Data Scientist, Product",no,ajua.smartrecruiters.ats-placeholder,,
skip-ats,low,ashby,union,"Union Metrics","Union Metrics",https://jobs.ashbyhq.com/union,3,"Sales Engineer (Pre-Sales)",no,union.ashby.ats-placeholder,,
insert,med,lever,baunfire,"Baunfire","Baunfire",https://jobs.lever.co/baunfire,5,"Freelance Designer",no,baunfire.lever.ats-placeholder,,
insert,low,lever,rocketcommunications,"Rocket Communications","Rocket Communications",https://jobs.lever.co/rocketcommunications,4,"Business Development Lead (Defense)",no,rocketcommunications.lever.ats-placeholder,,
insert,low,greenhouse,bobbie,"Bobbie","Bobbie",https://boards.greenhouse.io/bobbie,11,"Bobbie Medical Representative (Contract)",no,bobbie.greenhouse.ats-placeholder,,
insert,low,greenhouse,spire,"Spire Innovations","Spire Innovations",https://boards.greenhouse.io/spire,49,"Business Development Manager, US Federal ISR",no,spire.greenhouse.ats-placeholder,,
insert,low,lever,aeva,"Aeva, Inc.","Aeva, Inc.",https://jobs.lever.co/aeva,37,"Director of Information Technology",no,aeva.lever.ats-placeholder,,
insert,low,smartrecruiters,crosschq,"Crosschq","Crosschq",https://careers.smartrecruiters.com/crosschq,18,"Ninja",no,crosschq.smartrecruiters.ats-placeholder,,
insert,low,ashby,healthgorilla,"Health Gorilla","Health Gorilla",https://jobs.ashbyhq.com/healthgorilla,1,"Senior Manager, Technical Solutions & Support Engineering",no,healthgorilla.ashby.ats-placeholder,,
insert,low,smartrecruiters,monetizenow,"MonetizeNow","MonetizeNow",https://careers.smartrecruiters.com/monetizenow,4,"UX Lead",no,monetizenow.smartrecruiters.ats-placeholder,,
insert,low,greenhouse,thirdwaveautomation,"Third Wave Automation","Third Wave Automation",https://boards.greenhouse.io/thirdwaveautomation,5,"Customer Success & Operations Leader ",no,thirdwaveautomation.greenhouse.ats-placeholder,,
insert,low,smartrecruiters,dreamztech,"DreamzTech Solutions","DreamzTech Solutions",https://careers.smartrecruiters.com/dreamztech,2,"iOS Developer",no,dreamztech.smartrecruiters.ats-placeholder,,
insert,low,greenhouse,merqube,"MerQube","MerQube",https://boards.greenhouse.io/merqube,10,"Financial Engineer",no,merqube.greenhouse.ats-placeholder,,
insert,high,lever,dataroid,"Dataroid","Dataroid",https://jobs.lever.co/dataroid,3,"Senior Backend Engineer",no,dataroid.lever.ats-placeholder,,
insert,low,smartrecruiters,symphonyai,"SymphonyAI","SymphonyAI",https://careers.smartrecruiters.com/symphonyai,1,"CEO",no,symphonyai.smartrecruiters.ats-placeholder,,
insert,low,greenhouse,thatch,"Thatch","Thatch",https://boards.greenhouse.io/thatch,16,"Carrier Partnership Lead",no,thatch.greenhouse.ats-placeholder,,
insert,high,ashby,quanta,"Quanta","Quanta",https://jobs.ashbyhq.com/quanta,3,"Senior Product Engineer",no,quanta.ashby.ats-placeholder,,
insert,low,ashby,silver,"Silver Tail Systems","Silver Tail Systems",https://jobs.ashbyhq.com/silver,28,"Technical Interviewer - Pay-per-Interview",no,silver.ashby.ats-placeholder,,
insert,low,smartrecruiters,ellicium,"Ellicium Solutions Inc. An Emergys Company","Ellicium Solutions Inc. An Emergys Company",https://careers.smartrecruiters.com/ellicium,1,"Java developer",no,ellicium.smartrecruiters.ats-placeholder,,
insert,high,ashby,forgepoint,"Forgepoint","Forgepoint",https://jobs.ashbyhq.com/forgepoint,1,"Founding Engineer",no,forgepoint.ashby.ats-placeholder,,
insert,low,greenhouse,typeface,"Typeface","Typeface",https://boards.greenhouse.io/typeface,23,"Business Development Representative ",no,typeface.greenhouse.ats-placeholder,,
insert,low,smartrecruiters,taylorstitch,"Taylor Stitch","Taylor Stitch",https://careers.smartrecruiters.com/taylorstitch,2,"Retail Sales Associate",no,taylorstitch.smartrecruiters.ats-placeholder,,
insert,low,lever,90seconds,"90 Seconds","90 Seconds",https://jobs.lever.co/90seconds,4,"Business Development Manager - Enterprise (UK)",no,90seconds.lever.ats-placeholder,,
insert,low,smartrecruiters,flavor,"Flavor Fanatics","Flavor Fanatics",https://careers.smartrecruiters.com/flavor,1,"Sous Chef High End + High Volume Catering Co.",no,flavor.smartrecruiters.ats-placeholder,,
insert,low,greenhouse,freedassociates,"Freed Associates","Freed Associates",https://boards.greenhouse.io/freedassociates,2,"Client Executive/Consultant",no,freedassociates.greenhouse.ats-placeholder,,
insert,med,lever,caremessage,"CareMessage","CareMessage",https://jobs.lever.co/caremessage,5,"Senior Product Manager - Data & Interoperability",no,caremessage.lever.ats-placeholder,,
insert,low,greenhouse,descope,"Descope","Descope",https://boards.greenhouse.io/descope,8,"Customer Success Engineer",no,descope.greenhouse.ats-placeholder,,
insert,low,ashby,adaptive,"Adaptive Advertising, Inc.","Adaptive Advertising, Inc.",https://jobs.ashbyhq.com/adaptive,9,"Staff Software Engineer",no,adaptive.ashby.ats-placeholder,,
insert,low,ashby,merge,"Merge Software","Merge Software",https://jobs.ashbyhq.com/merge,25,"Integrations Engineer",no,merge.ashby.ats-placeholder,,
insert,low,smartrecruiters,mojohire,"mojohire.ai","mojohire.ai",https://careers.smartrecruiters.com/mojohire,5,"DevOps Engineer - Guadalajara, Mexico - REMOTE",no,mojohire.smartrecruiters.ats-placeholder,,
insert,med,ashby,langdock,"Langdock","Langdock",https://jobs.ashbyhq.com/langdock,15,"Account Executive - AI & Enterprise Solutions",no,langdock.ashby.ats-placeholder,,
insert,low,ashby,sensor-tower,"Sensor Tower","Sensor Tower",https://jobs.ashbyhq.com/sensor-tower,48,"Business Development Representative",no,sensor-tower.ashby.ats-placeholder,,
skip-ats,low,ashby,orca,"Orca Biotech","Orca Biotech",https://jobs.ashbyhq.com/orca,2,"Open Application",no,orca.ashby.ats-placeholder,,
update-by-name,low,greenhouse,evolver,"Evolver (evolver.ai)","Evolver",https://boards.greenhouse.io/evolver,12,"Applied Data Science Intern",no,evolver.ai,"Evolver",evolver.ai
insert,low,lever,leantaas,"LeanTaaS, Inc.","LeanTaaS, Inc.",https://jobs.lever.co/leantaas,4,"Customer Success Manager, iQueue for Inpatient Flow",no,leantaas.lever.ats-placeholder,,
insert,med,ashby,sapien,"Sapien","Sapien",https://jobs.ashbyhq.com/sapien,10,"Full-Stack Engineer",no,sapien.ashby.ats-placeholder,,
insert,low,greenhouse,imply,"Imply","Imply",https://boards.greenhouse.io/imply,7,"Business Development Representative (Remote)",no,imply.greenhouse.ats-placeholder,,
insert,low,greenhouse,mattermost,"Mattermost","Mattermost",https://boards.greenhouse.io/mattermost,20,"Account Manager - Federal",no,mattermost.greenhouse.ats-placeholder,,
insert,low,smartrecruiters,deltaelectronics,"Delta Electronics Americas","Delta Electronics Americas",https://careers.smartrecruiters.com/deltaelectronics,54,"Head of Sales - Telecom Data Center Solutions",no,deltaelectronics.smartrecruiters.ats-placeholder,,
insert,low,ashby,eyetell,"EyeTell, Inc.","EyeTell, Inc.",https://jobs.ashbyhq.com/eyetell,15,"iOS Developer",no,eyetell.ashby.ats-placeholder,,
insert,low,ashby,steel,"Steel Wool Studios","Steel Wool Studios",https://jobs.ashbyhq.com/steel,2,"Member of Technical Staff - Infrastructure",no,steel.ashby.ats-placeholder,,
insert,low,greenhouse,digitaleclipse,"Digital Eclipse Entertainment Partners","Digital Eclipse Entertainment Partners",https://boards.greenhouse.io/digitaleclipse,3,"Art Generalist (Video Games)",no,digitaleclipse.greenhouse.ats-placeholder,,
insert,low,greenhouse,sollishealth,"Sollis Health","Sollis Health",https://boards.greenhouse.io/sollishealth,27,"Assistant Medical Director - Concierge Emergency Medicine ",no,sollishealth.greenhouse.ats-placeholder,,
insert,low,ashby,atlas,"Atlas AI","Atlas AI",https://jobs.ashbyhq.com/atlas,7,"Software Engineer ",no,atlas.ashby.ats-placeholder,,
insert,low,greenhouse,roboforce,"RoboForce","RoboForce",https://boards.greenhouse.io/roboforce,14,"AI Resident",no,roboforce.greenhouse.ats-placeholder,,
insert,med,ashby,rasa,"Rasa","Rasa",https://jobs.ashbyhq.com/rasa,4,"Outbound Senior Business Development Representative (BDR) - EMEA",no,rasa.ashby.ats-placeholder,,
insert,med,lever,brightedge,"BrightEdge","BrightEdge",https://jobs.lever.co/brightedge,24,"Account Executive",no,brightedge.lever.ats-placeholder,,
insert,low,ashby,xona-space,"Xona Space Systems","Xona Space Systems",https://jobs.ashbyhq.com/xona-space,48,"Communications / DSP Engineer",no,xona-space.ashby.ats-placeholder,,
insert,low,greenhouse,ideo,"IDEO.org","IDEO.org",https://boards.greenhouse.io/ideo,12,"Business Development Director",no,ideo.greenhouse.ats-placeholder,,
insert,low,ashby,relay,"Relay Robotics","Relay Robotics",https://jobs.ashbyhq.com/relay,37,"Senior Software Engineer",no,relay.ashby.ats-placeholder,,
insert,low,smartrecruiters,four15digital,"Four15 Digital","Four15 Digital",https://careers.smartrecruiters.com/four15digital,1,"paid search",no,four15digital.smartrecruiters.ats-placeholder,,
insert,low,greenhouse,nauto,"Nauto","Nauto",https://boards.greenhouse.io/nauto,4,"Embedded Software Engineer",no,nauto.greenhouse.ats-placeholder,,
insert,low,greenhouse,tia,"Tia","Tia",https://boards.greenhouse.io/tia,33,"Associate Clinic Manager - Culver City, CA - Onsite",no,tia.greenhouse.ats-placeholder,,
skip-ats,low,ashby,runway,"Runway Growth Capital","Runway Growth Capital",https://jobs.ashbyhq.com/runway,4,"⚙️ Senior/Staff Platform Engineer",no,runway.ashby.ats-placeholder,,
insert,low,greenhouse,sparrow,"Sparrow","Sparrow",https://boards.greenhouse.io/sparrow,13,"Account Executive",no,sparrow.greenhouse.ats-placeholder,,
insert,low,greenhouse,subskribe,"Subskribe","Subskribe",https://boards.greenhouse.io/subskribe,1,"Marketing Specialist - India",no,subskribe.greenhouse.ats-placeholder,,
insert,med,ashby,thirstysprout,"ThirstySprout","ThirstySprout",https://jobs.ashbyhq.com/thirstysprout,5,"Senior Fullstack Engineer (Vue js/ Django)",no,thirstysprout.ashby.ats-placeholder,,
insert,low,greenhouse,prove,"Prove","Prove",https://boards.greenhouse.io/prove,6,"Corporate Development Manager",no,prove.greenhouse.ats-placeholder,,
insert,high,ashby,coperniq,"Coperniq","Coperniq",https://jobs.ashbyhq.com/coperniq,1,"LATAM Senior Full Stack Engineer",no,coperniq.ashby.ats-placeholder,,
insert,low,lever,listo,"Listo Unlimited","Listo Unlimited",https://jobs.lever.co/listo,2,"Customer Success Lead",no,listo.lever.ats-placeholder,,
insert,low,lever,arcadiascience,"Arcadia Science","Arcadia Science",https://jobs.lever.co/arcadiascience,8,"Evolutionary Cell Biology Fellow",no,arcadiascience.lever.ats-placeholder,,
insert,low,greenhouse,olipop,"OLIPOP","OLIPOP",https://boards.greenhouse.io/olipop,19,"Area Sales Manager, Minneapolis",no,olipop.greenhouse.ats-placeholder,,
insert,high,ashby,scaler,"Scaler","Scaler",https://jobs.ashbyhq.com/scaler,2,"Workplace Experience Intern",no,scaler.ashby.ats-placeholder,,
insert,low,lever,career,"Career Karma","Career Karma",https://jobs.lever.co/career,1,"Test Job",no,career.lever.ats-placeholder,,
insert,low,smartrecruiters,yamahamotor,"Yamaha Motor Ventures","Yamaha Motor Ventures",https://careers.smartrecruiters.com/yamahamotor,7,"Lowongan Kerja | PEKERJAAN OPERATOR PRODUKSI TERBARU BULAN MARET 2020| LOWONGAN ",no,yamahamotor.smartrecruiters.ats-placeholder,,
insert,med,ashby,josys,"Josys","Josys",https://jobs.ashbyhq.com/josys,17,"Account Executive (Enterprise) - Tokyo",no,josys.ashby.ats-placeholder,,
insert,low,ashby,infinite,"Infinite Views","Infinite Views",https://jobs.ashbyhq.com/infinite,2,"Founding Engineer",no,infinite.ashby.ats-placeholder,,
insert,low,lever,apolloagriculture,"Apollo Agriculture","Apollo Agriculture",https://jobs.lever.co/apolloagriculture,2,"Field Fraud Operations & Investigation Officer: Zambia",no,apolloagriculture.lever.ats-placeholder,,
insert,low,smartrecruiters,nextsense,"NextSense","NextSense",https://careers.smartrecruiters.com/nextsense,2,"Senior ML/Research Scientist",no,nextsense.smartrecruiters.ats-placeholder,,
insert,low,greenhouse,questbridge,"QuestBridge","QuestBridge",https://boards.greenhouse.io/questbridge,3,"Associate Director, Student Outreach",no,questbridge.greenhouse.ats-placeholder,,
insert,med,ashby,victorious,"Victorious","Victorious",https://jobs.ashbyhq.com/victorious,5,"Senior SEO Strategist",no,victorious.ashby.ats-placeholder,,
insert,med,ashby,bynder,"Bynder","Bynder",https://jobs.ashbyhq.com/bynder,27,"Strategic Account Manager",no,bynder.ashby.ats-placeholder,,
insert,low,greenhouse,phizenix,"Phizenix","Phizenix",https://boards.greenhouse.io/phizenix,31,"AI Corporate Trainer",no,phizenix.greenhouse.ats-placeholder,,
insert,low,smartrecruiters,secondtalent,"Second Talent","Second Talent",https://careers.smartrecruiters.com/secondtalent,5,"Project Manager (Malaysia)",no,secondtalent.smartrecruiters.ats-placeholder,,
insert,low,greenhouse,iovancebiotherapeutics,"Iovance Biotherapeutics, Inc.","Iovance Biotherapeutics, Inc.",https://boards.greenhouse.io/iovancebiotherapeutics,25,"Accounts Payable Specialist [Contract to Hire]",no,iovancebiotherapeutics.greenhouse.ats-placeholder,,
insert,low,lever,foxitsoftware,"Foxit Software","Foxit Software",https://jobs.lever.co/foxitsoftware,17,"Business Development Representative (6 months Direct Contract)",no,foxitsoftware.lever.ats-placeholder,,
insert,low,lever,candidate,"Candidate Labs","Candidate Labs",https://jobs.lever.co/candidate,1,"Fulcrum CEO",no,candidate.lever.ats-placeholder,,
update-by-name,med,lever,deepsky,"DeepSky","DeepSky",https://jobs.lever.co/deepsky,10,"Electrical Engineer - R&D Team",no,deepsky.com,"Deep Sky",deepsky.com
insert,med,lever,captivateiq,"CaptivateIQ","CaptivateIQ",https://jobs.lever.co/captivateiq,34,"Account Development Representative, Customer Accounts",no,captivateiq.lever.ats-placeholder,,
insert,low,greenhouse,litmos,"Litmos","Litmos",https://boards.greenhouse.io/litmos,12,"Account Executive",no,litmos.greenhouse.ats-placeholder,,
insert,low,greenhouse,dremio,"Dremio","Dremio",https://boards.greenhouse.io/dremio,6,"Commercial Account Executive - East",no,dremio.greenhouse.ats-placeholder,,
insert,low,greenhouse,novoed,"NovoEd","NovoEd",https://boards.greenhouse.io/novoed,6,"Sr. Product Manager ",no,novoed.greenhouse.ats-placeholder,,
insert,low,greenhouse,meruhealth,"Meru Health","Meru Health",https://boards.greenhouse.io/meruhealth,1,"Remote Licensed Therapist, Part-Time",no,meruhealth.greenhouse.ats-placeholder,,
insert,low,ashby,new-culture,"New Culture","New Culture",https://jobs.ashbyhq.com/new-culture,2,"Senior Food Scientist, Product Development",no,new-culture.ashby.ats-placeholder,,
insert,low,greenhouse,flodesk,"Flodesk","Flodesk",https://boards.greenhouse.io/flodesk,4,"Middle to Senior Backend Engineer",no,flodesk.greenhouse.ats-placeholder,,
insert,low,greenhouse,mighty,"Mighty Buildings","Mighty Buildings",https://boards.greenhouse.io/mighty,4,"AI Software Engineer",no,mighty.greenhouse.ats-placeholder,,
insert,low,smartrecruiters,nclouds,"nClouds","nClouds",https://careers.smartrecruiters.com/nclouds,1,"Controller",no,nclouds.smartrecruiters.ats-placeholder,,
insert,low,ashby,autoscience,"Autoscience Institute","Autoscience Institute",https://jobs.ashbyhq.com/autoscience,3,"Machine Learning Research Scientist",no,autoscience.ashby.ats-placeholder,,
insert,low,greenhouse,mindbody,"Mind-Body Care","Mind-Body Care",https://boards.greenhouse.io/mindbody,31,"Account Executive",no,mindbody.greenhouse.ats-placeholder,,
update-by-name,low,greenhouse,disco,"Disco (disconetwork.com)","Disco",https://boards.greenhouse.io/disco,37,"Account Executive",no,disco.co,"DISCO",disco.co
insert,low,greenhouse,networkoptix,"Network Optix","Network Optix",https://boards.greenhouse.io/networkoptix,16,"HR Manager",no,networkoptix.greenhouse.ats-placeholder,,
insert,high,lever,citcon,"CITCON","CITCON",https://jobs.lever.co/citcon,2,"Customer Support and Risk Operations Agent",no,citcon.lever.ats-placeholder,,
insert,low,lever,cobaltrobotics,"Cobalt Robotics","Cobalt Robotics",https://jobs.lever.co/cobaltrobotics,10,"Reserve Engineer (On-site) - Arlington, VA",no,cobaltrobotics.lever.ats-placeholder,,
insert,low,greenhouse,karbon,"Karbon","Karbon",https://boards.greenhouse.io/karbon,21,"Account Executive - Mid Market",no,karbon.greenhouse.ats-placeholder,,
insert,low,ashby,amber,"Amber Kinetics","Amber Kinetics",https://jobs.ashbyhq.com/amber,22,"Technical Project Manager - AI (F/M/*)",no,amber.ashby.ats-placeholder,,
insert,high,ashby,witnessai,"WitnessAI","WitnessAI",https://jobs.ashbyhq.com/witnessai,3,"Principal Product Marketing Manager",no,witnessai.ashby.ats-placeholder,,
insert,med,ashby,change,"Change.org","Change.org",https://jobs.ashbyhq.com/change,9,"Country Lead / Communications Manager, Turkey",no,change.ashby.ats-placeholder,,
insert,low,greenhouse,celigo,"Celigo","Celigo",https://boards.greenhouse.io/celigo,26,"Account Executive",no,celigo.greenhouse.ats-placeholder,,
insert,low,ashby,applied,"Applied Silver, Inc.","Applied Silver, Inc.",https://jobs.ashbyhq.com/applied,214,"Training and Development Lead",no,applied.ashby.ats-placeholder,,
insert,low,ashby,twenty,"Twenty Twenty Therapeutics","Twenty Twenty Therapeutics",https://jobs.ashbyhq.com/twenty,36,"Staff Backend Engineer",no,twenty.ashby.ats-placeholder,,
insert,med,lever,incorta,"InCorta","InCorta",https://jobs.lever.co/incorta,6,"BI Solution Engineer",no,incorta.lever.ats-placeholder,,
insert,med,lever,harmony,"Harmony","Harmony",https://jobs.lever.co/harmony,9,"Blockchain Engineer",no,harmony.lever.ats-placeholder,,
insert,med,ashby,honeybook,"HoneyBook","HoneyBook",https://jobs.ashbyhq.com/honeybook,13,"Senior Talent Acquisition ",no,honeybook.ashby.ats-placeholder,,
update-by-name,med,ashby,context,"Context","Context",https://jobs.ashbyhq.com/context,4,"Forward Deployed Engineer - MTS",no,context.ai,"Context&",context.ai
insert,low,greenhouse,zerocater,"ZeroCater","ZeroCater",https://boards.greenhouse.io/zerocater,8,"Growth Marketing Manager",no,zerocater.greenhouse.ats-placeholder,,
insert,low,greenhouse,five9,"Five9","Five9",https://boards.greenhouse.io/five9,170,"Accounts Payable Specialist",no,five9.greenhouse.ats-placeholder,,
insert,low,greenhouse,twinhealth,"Twin Health","Twin Health",https://boards.greenhouse.io/twinhealth,22,"Application Security Engineer",no,twinhealth.greenhouse.ats-placeholder,,
insert,low,ashby,playground,"Playground Global (VC)","Playground Global",https://jobs.ashbyhq.com/playground,20,"Channel Partnerships Manager",no,playground.ashby.ats-placeholder,,
insert,low,lever,ekohealth,"Eko Health","Eko Health",https://jobs.lever.co/ekohealth,9,"Customer Experience Associate",no,ekohealth.lever.ats-placeholder,,
insert,low,ashby,atomic,"Atomic AI","Atomic AI",https://jobs.ashbyhq.com/atomic,9,"Co-found with Atomic",no,atomic.ashby.ats-placeholder,,
insert,low,greenhouse,appodeal,"Appodeal","Appodeal",https://boards.greenhouse.io/appodeal,14,"Chief Data Science Officer",no,appodeal.greenhouse.ats-placeholder,,
insert,low,smartrecruiters,makersights,"MakerSights","MakerSights",https://careers.smartrecruiters.com/makersights,1,"Director of Engineering - SAAS and MEAN stack hands on Required",no,makersights.smartrecruiters.ats-placeholder,,
insert,med,ashby,leandata,"LeanData","LeanData",https://jobs.ashbyhq.com/leandata,14,"GTM Engineer (Data & AI)",no,leandata.ashby.ats-placeholder,,
insert,low,smartrecruiters,filmless,"Filmless","Filmless",https://careers.smartrecruiters.com/filmless,6,"Freelance Cinematographer",no,filmless.smartrecruiters.ats-placeholder,,
insert,low,ashby,shift,"SHIFT Communications","SHIFT Communications",https://jobs.ashbyhq.com/shift,17,"Account Manager ",no,shift.ashby.ats-placeholder,,
insert,low,lever,loftorbital,"Loft Orbital","Loft Orbital",https://jobs.lever.co/loftorbital,56,"AIT Technician",no,loftorbital.lever.ats-placeholder,,
insert,low,smartrecruiters,rapidsilicon,"Rapid Silicon","Rapid Silicon",https://careers.smartrecruiters.com/rapidsilicon,1,"Technical Recruiter",no,rapidsilicon.smartrecruiters.ats-placeholder,,
insert,low,greenhouse,jampp,"Jampp","Jampp",https://boards.greenhouse.io/jampp,5,"Account Executive, AdTech",no,jampp.greenhouse.ats-placeholder,,
insert,low,greenhouse,mixmax,"Mixmax","Mixmax",https://boards.greenhouse.io/mixmax,2,"Staff Product Manager ",no,mixmax.greenhouse.ats-placeholder,,
insert,low,ashby,pulse,"Pulse Secure","Pulse Secure",https://jobs.ashbyhq.com/pulse,10,"Account Executive",no,pulse.ashby.ats-placeholder,,
insert,med,ashby,singular,"Singular","Singular",https://jobs.ashbyhq.com/singular,17,"Senior Backend Engineer ",no,singular.ashby.ats-placeholder,,
skip-ats,low,smartrecruiters,smart,"Smart Care Equipment Solutions","Smart Care Equipment Solutions",https://careers.smartrecruiters.com/smart,1,"Product Manager, Intern",no,smart.smartrecruiters.ats-placeholder,,
insert,low,ashby,electric,"Electric Imp","Electric Imp",https://jobs.ashbyhq.com/electric,2,"Technical Solutions Engineer, GTM",no,electric.ashby.ats-placeholder,,
insert,low,greenhouse,fastforward,"FastForward.ai","FastForward.ai",https://boards.greenhouse.io/fastforward,2,"Portfolio Director",no,fastforward.greenhouse.ats-placeholder,,
insert,low,lever,unusual,"Unusual Ventures","Unusual Ventures",https://jobs.lever.co/unusual,7,"Founding Account Executive - Rime Ai",no,unusual.lever.ats-placeholder,,
skip-ats,med,ashby,osmo,"Osmo","Osmo",https://jobs.ashbyhq.com/osmo,13,"Robot Operator",no,osmo.ashby.ats-placeholder,,
insert,low,smartrecruiters,jyve,"Jyve","Jyve",https://careers.smartrecruiters.com/jyve,1,"Retail Sales Representative",no,jyve.smartrecruiters.ats-placeholder,,
insert,low,greenhouse,sixthstreet,"Sixth Street","Sixth Street",https://boards.greenhouse.io/sixthstreet,17,"Asset Based Finance Analyst",no,sixthstreet.greenhouse.ats-placeholder,,
insert,med,ashby,lemfi,"LemFi","LemFi",https://jobs.ashbyhq.com/lemfi,10,"Regional Treasury Operations Specialist - Francophone Markets",no,lemfi.ashby.ats-placeholder,,
insert,low,greenhouse,factored,"Factored","Factored",https://boards.greenhouse.io/factored,21,"Analytics Engineer",no,factored.greenhouse.ats-placeholder,,
insert,low,greenhouse,blueshift,"Blueshift","Blueshift",https://boards.greenhouse.io/blueshift,3,"Account Executive, Western Region",no,blueshift.greenhouse.ats-placeholder,,
skip-ats,low,greenhouse,lattice,"Lattice Engines","Lattice Engines",https://boards.greenhouse.io/lattice,10,"Account Executive, SMB",no,lattice.greenhouse.ats-placeholder,,
insert,med,ashby,cambly,"Cambly","Cambly",https://jobs.ashbyhq.com/cambly,13,"Sales Development Representative",no,cambly.ashby.ats-placeholder,,
insert,low,greenhouse,yellowbrickdata,"Yellowbrick Data","Yellowbrick Data",https://boards.greenhouse.io/yellowbrickdata,1,"Software Engineer-Early Career",no,yellowbrickdata.greenhouse.ats-placeholder,,
skip-ats,low,lever,tala,"Tala Security","Tala Security",https://jobs.lever.co/tala,15,"Analytics Engineer II",no,tala.lever.ats-placeholder,,
insert,low,ashby,sierra,"Sierra Ventures","Sierra Ventures",https://jobs.ashbyhq.com/sierra,124,"Sales Engineer",no,sierra.ashby.ats-placeholder,,
insert,med,ashby,vibecode,"vibecode.dev","vibecode.dev",https://jobs.ashbyhq.com/vibecode,4,"Member of Technical Staff (Applied AI Engineer)",no,vibecode.ashby.ats-placeholder,,
insert,low,greenhouse,pubmatic,"PubMatic","PubMatic",https://boards.greenhouse.io/pubmatic,59,"Account Executive, Commerce Media",no,pubmatic.greenhouse.ats-placeholder,,
insert,low,smartrecruiters,homeroom,"Homeroom","Homeroom",https://careers.smartrecruiters.com/homeroom,1,"Maintenance Organizer",no,homeroom.smartrecruiters.ats-placeholder,,
insert,med,lever,sitetracker,"Sitetracker","Sitetracker",https://jobs.lever.co/sitetracker,16,"eLearning Developer/ Specialist",no,sitetracker.lever.ats-placeholder,,
insert,low,greenhouse,startree,"StarTree","StarTree",https://boards.greenhouse.io/startree,8,"Engineering Manager, Data Platform ",no,startree.greenhouse.ats-placeholder,,
insert,med,lever,authentic8,"Authentic8","Authentic8",https://jobs.lever.co/authentic8,5,"Database Administrator (DBA)",no,authentic8.lever.ats-placeholder,,
insert,low,lever,super,"Super Ventures","Super Ventures",https://jobs.lever.co/super,14,"Area Sales Manager (Baltimore)",no,super.lever.ats-placeholder,,
insert,low,greenhouse,life360,"Life360","Life360",https://boards.greenhouse.io/life360,36,"AI Partner Engineer",no,life360.greenhouse.ats-placeholder,,
insert,high,ashby,armory,"Armory","Armory",https://jobs.ashbyhq.com/armory,3,"Full-Stack General Manager",no,armory.ashby.ats-placeholder,,
insert,low,greenhouse,jfrog,"JFrog","JFrog",https://boards.greenhouse.io/jfrog,100,"Account Executive",no,jfrog.greenhouse.ats-placeholder,,
insert,low,greenhouse,cerus,"Cerus","Cerus",https://boards.greenhouse.io/cerus,5,"Associate Director, Analytical Operations / Analytical Operations Director",no,cerus.greenhouse.ats-placeholder,,
insert,med,ashby,hoxhunt,"Hoxhunt","Hoxhunt",https://jobs.ashbyhq.com/hoxhunt,15,"Senior Software Engineer: Threat Team",no,hoxhunt.ashby.ats-placeholder,,
insert,low,greenhouse,eridan,"Eridan","Eridan",https://boards.greenhouse.io/eridan,3,"Circuit Design Engineer (GaN Focus)",no,eridan.greenhouse.ats-placeholder,,
insert,low,greenhouse,neptunemedical,"Neptune Medical","Neptune Medical",https://boards.greenhouse.io/neptunemedical,12,"Manufacturing Assembler or Technician (I/II/III), Endoscopy",no,neptunemedical.greenhouse.ats-placeholder,,
insert,low,ashby,uptimeai,"UptimeAI Inc.","UptimeAI Inc.",https://jobs.ashbyhq.com/uptimeai,6,"Account Executive",no,uptimeai.ashby.ats-placeholder,,
insert,low,smartrecruiters,wilcosource,"Wilco Source","Wilco Source",https://careers.smartrecruiters.com/wilcosource,2,"Technical Architect",no,wilcosource.smartrecruiters.ats-placeholder,,
insert,low,ashby,build,"Build Group","Build Group",https://jobs.ashbyhq.com/build,5,"AI Engineer (Core)",no,build.ashby.ats-placeholder,,
insert,low,ashby,bedrock,"Bedrock Security","Bedrock Security",https://jobs.ashbyhq.com/bedrock,7,"Engineer, Backend",no,bedrock.ashby.ats-placeholder,,
insert,med,ashby,camunda,"Camunda","Camunda",https://jobs.ashbyhq.com/camunda,38,"Account Development Representative - Future Openings Talent Pool",no,camunda.ashby.ats-placeholder,,
insert,med,ashby,padlet,"Padlet","Padlet",https://jobs.ashbyhq.com/padlet,18,"Software Engineer – Mobile",no,padlet.ashby.ats-placeholder,,
insert,low,greenhouse,ujet,"ujet.cx","ujet.cx",https://boards.greenhouse.io/ujet,5,"General Application",no,ujet.greenhouse.ats-placeholder,,
insert,med,ashby,kinship,"Kinship","Kinship",https://jobs.ashbyhq.com/kinship,7,"Design Engineer",no,kinship.ashby.ats-placeholder,,
insert,med,ashby,gridverify,"Grid (gridverify.com)","Grid",https://jobs.ashbyhq.com/gridverify,5,"Senior Product Manager",no,gridverify.ashby.ats-placeholder,,
insert,low,greenhouse,pacaso,"Pacaso","Pacaso",https://boards.greenhouse.io/pacaso,6,"Associate Sales Enablement Manager",no,pacaso.greenhouse.ats-placeholder,,
insert,med,lever,piccollage,"PicCollage","PicCollage",https://jobs.lever.co/piccollage,10,"Company Operations Intern",no,piccollage.lever.ats-placeholder,,
insert,low,greenhouse,sonatus,"Sonatus","Sonatus",https://boards.greenhouse.io/sonatus,29,"Graphic Designer",no,sonatus.greenhouse.ats-placeholder,,
insert,low,greenhouse,carbon,"Carbon, Inc.","Carbon, Inc.",https://boards.greenhouse.io/carbon,10,"Director, FP&A",no,carbon.greenhouse.ats-placeholder,,
insert,high,ashby,layer,"Layer (layer.ai)","Layer",https://jobs.ashbyhq.com/layer,2,"Head of Marketing",no,layer.ashby.ats-placeholder,,
insert,low,greenhouse,vumedi,"VuMedi","VuMedi",https://boards.greenhouse.io/vumedi,10,"Associate Product Marketing Manager ",no,vumedi.greenhouse.ats-placeholder,,
insert,low,smartrecruiters,tenergy,"Tenergy Corporation","Tenergy Corporation",https://careers.smartrecruiters.com/tenergy,6,"Product Project Management  (Chinese English Bilingual)",no,tenergy.smartrecruiters.ats-placeholder,,
insert,low,greenhouse,yubico,"Yubico","Yubico",https://boards.greenhouse.io/yubico,11,"Cryptography Engineer",no,yubico.greenhouse.ats-placeholder,,
insert,low,ashby,backflip,"Backflip AI","Backflip AI",https://jobs.ashbyhq.com/backflip,3,"Account Executive ",no,backflip.ashby.ats-placeholder,,
insert,low,greenhouse,boku,"Boku","Boku",https://boards.greenhouse.io/boku,15,"Accounts Receivable Specialist",no,boku.greenhouse.ats-placeholder,,
insert,med,ashby,marble,"Marble","Marble",https://jobs.ashbyhq.com/marble,7,"Co-Founder, CEO (Iron & Steel)",no,marble.ashby.ats-placeholder,,
insert,low,greenhouse,banyaninfrastructure,"Banyan Infrastructure","Banyan Infrastructure",https://boards.greenhouse.io/banyaninfrastructure,4,"AI Engineer (Mid-Senior Level)",no,banyaninfrastructure.greenhouse.ats-placeholder,,
insert,low,ashby,inclined,"Inclined Technologies","Inclined Technologies",https://jobs.ashbyhq.com/inclined,4,"Loan Servicing Associate",no,inclined.ashby.ats-placeholder,,
insert,low,smartrecruiters,brightback,"Brightback","Brightback",https://careers.smartrecruiters.com/brightback,1,"Senior Backend Software Engineer",no,brightback.smartrecruiters.ats-placeholder,,
insert,med,ashby,ashby,"Ashby","Ashby",https://jobs.ashbyhq.com/ashby,62,"Startup Customer Success Manager - EMEA",no,ashby.ashby.ats-placeholder,,
update-by-name,med,ashby,datologyai,"DatologyAI","DatologyAI",https://jobs.ashbyhq.com/datologyai,9,"Software Engineer, Data Infrastructure",no,datologyai.com,"Datology AI",datologyai.com
insert,low,greenhouse,mojio,"Mojio","Mojio",https://boards.greenhouse.io/mojio,2,"Firmware Engineer (Contract)",no,mojio.greenhouse.ats-placeholder,,
insert,low,greenhouse,nextroll,"NextRoll","NextRoll",https://boards.greenhouse.io/nextroll,1,"Sales Development Representative - Future Opportunity",no,nextroll.greenhouse.ats-placeholder,,
insert,low,greenhouse,spin,"Spin","Spin",https://boards.greenhouse.io/spin,19,"Business Transformation Lead",no,spin.greenhouse.ats-placeholder,,
insert,low,smartrecruiters,vcv,"VCV.AI","VCV.AI",https://careers.smartrecruiters.com/vcv,1,"Sales Manager",no,vcv.smartrecruiters.ats-placeholder,,
insert,low,ashby,burklandassociates,"Burkland Associates","Burkland Associates",https://jobs.ashbyhq.com/burklandassociates,9,"CFO Consultant - Digital Health",no,burklandassociates.ashby.ats-placeholder,,
insert,low,greenhouse,boldmetrics,"Bold Metrics","Bold Metrics",https://boards.greenhouse.io/boldmetrics,2,"Implementation Engineer",no,boldmetrics.greenhouse.ats-placeholder,,
insert,low,greenhouse,silananotechnologies,"Sila Nanotechnologies","Sila Nanotechnologies",https://boards.greenhouse.io/silananotechnologies,36,"Account Director, Japan",no,silananotechnologies.greenhouse.ats-placeholder,,
insert,low,greenhouse,degreed,"Degreed","Degreed",https://boards.greenhouse.io/degreed,5,"Financial Analyst | US",no,degreed.greenhouse.ats-placeholder,,
insert,low,greenhouse,alma,"Alma Ad Agency","Alma Ad Agency",https://boards.greenhouse.io/alma,8,"Business Intelligence Group Manager, Ops & CX",no,alma.greenhouse.ats-placeholder,,
insert,low,ashby,switchboard,"Switchboard Software","Switchboard Software",https://jobs.ashbyhq.com/switchboard,6,"Implementation Manager",no,switchboard.ashby.ats-placeholder,,
insert,low,ashby,finch,"Finch Care","Finch Care",https://jobs.ashbyhq.com/finch,3,"Product Designer",no,finch.ashby.ats-placeholder,,
insert,med,ashby,nextpatient,"NextPatient","NextPatient",https://jobs.ashbyhq.com/nextpatient,4,"Account Executive (East)",no,nextpatient.ashby.ats-placeholder,,
insert,high,lever,clicktime,"ClickTime","ClickTime",https://jobs.lever.co/clicktime,3,"B2B Content & Community Lead",no,clicktime.lever.ats-placeholder,,
insert,low,greenhouse,lunarenergy,"Lunar Energy","Lunar Energy",https://boards.greenhouse.io/lunarenergy,14,"Executive Assistant to VP of Revenue",no,lunarenergy.greenhouse.ats-placeholder,,
insert,low,greenhouse,turing,"Turing","Turing",https://boards.greenhouse.io/turing,32,"AI Engineering Lead",no,turing.greenhouse.ats-placeholder,,
insert,low,greenhouse,otter,"Otter Match","Otter Match",https://boards.greenhouse.io/otter,35,"Account Executive - Bogotá, COL",no,otter.greenhouse.ats-placeholder,,
insert,high,ashby,goldsky,"Goldsky","Goldsky",https://jobs.ashbyhq.com/goldsky,3,"Growth Engineer",no,goldsky.ashby.ats-placeholder,,
insert,high,lever,edpuzzle,"Edpuzzle","Edpuzzle",https://jobs.lever.co/edpuzzle,1,"School Success Associate  (Northeast-Based)",no,edpuzzle.lever.ats-placeholder,,
insert,low,ashby,character,"Character Biosciences","Character Biosciences",https://jobs.ashbyhq.com/character,17,"Machine Learning Infrastructure Engineer",no,character.ashby.ats-placeholder,,
insert,low,greenhouse,pursuit,"PURSUIT SOFTWARE","PURSUIT SOFTWARE",https://boards.greenhouse.io/pursuit,5,"Account Executive, Job Outcomes ",no,pursuit.greenhouse.ats-placeholder,,
insert,low,greenhouse,verkada,"Verkada Inc","Verkada Inc",https://boards.greenhouse.io/verkada,307,"Account Executive, ASEAN",no,verkada.greenhouse.ats-placeholder,,
insert,low,smartrecruiters,microchip,"Microchip Technology Inc.","Microchip Technology Inc.",https://careers.smartrecruiters.com/microchip,8,"Senior Technical Staff Engineer - Product Marketing",no,microchip.smartrecruiters.ats-placeholder,,
insert,high,lever,supermove,"Supermove","Supermove",https://jobs.lever.co/supermove,2,"Software Engineer, Backend & Integrations (Remote)",no,supermove.lever.ats-placeholder,,
insert,low,greenhouse,securitize,"Securitize","Securitize",https://boards.greenhouse.io/securitize,8,"Associate, Treasury Services",no,securitize.greenhouse.ats-placeholder,,
insert,med,ashby,bio,"Q Bio","Q Bio",https://jobs.ashbyhq.com/bio,11,"Computational Biologist",no,bio.ashby.ats-placeholder,,
insert,low,ashby,vynca,"Vynca Inc","Vynca Inc",https://jobs.ashbyhq.com/vynca,31,"LVN Case Manager",no,vynca.ashby.ats-placeholder,,
insert,low,greenhouse,thirdlove,"ThirdLove","ThirdLove",https://boards.greenhouse.io/thirdlove,4,"Sales Associate",no,thirdlove.greenhouse.ats-placeholder,,
insert,low,ashby,pariveda,"Pariveda Solutions","Pariveda Solutions",https://jobs.ashbyhq.com/pariveda,21,"Software Engineer",no,pariveda.ashby.ats-placeholder,,
insert,low,greenhouse,tatcha,"Tatcha","Tatcha",https://boards.greenhouse.io/tatcha,5,"Ambassador (Freelance) - Beauty Sales + Education - British Columbia",no,tatcha.greenhouse.ats-placeholder,,
insert,med,lever,collate,"Collate","Collate",https://jobs.lever.co/collate,16,"AI Engineer",no,collate.lever.ats-placeholder,,
insert,low,greenhouse,glooko,"Glooko","Glooko",https://boards.greenhouse.io/glooko,2,"Business Development Manager, Real-World Data",no,glooko.greenhouse.ats-placeholder,,
insert,med,lever,quokka,"Quokka","Quokka",https://jobs.lever.co/quokka,4,"DevOps Engineer",no,quokka.lever.ats-placeholder,,
insert,low,greenhouse,seed,"Seed Equity Ventures (rebranded as CoinZoom Securities)","Seed Equity Ventures",https://boards.greenhouse.io/seed,4,"Data Analyst",no,seed.greenhouse.ats-placeholder,,
insert,low,greenhouse,nanonets,"Nanonets","Nanonets",https://boards.greenhouse.io/nanonets,18,"Account Executive (Healthcare)",no,nanonets.greenhouse.ats-placeholder,,
insert,med,ashby,gainsight,"Gainsight","Gainsight",https://jobs.ashbyhq.com/gainsight,7,"US: Standard Job Template (P)",no,gainsight.ashby.ats-placeholder,,
insert,low,ashby,normalcomputing,"Normal Computing","Normal Computing",https://jobs.ashbyhq.com/normalcomputing,13,"Product Engineer",no,normalcomputing.ashby.ats-placeholder,,
insert,med,ashby,nerdwallet,"NerdWallet","NerdWallet",https://jobs.ashbyhq.com/nerdwallet,25,"Senior/Account Executive - NerdWallet Small Business",no,nerdwallet.ashby.ats-placeholder,,
insert,high,ashby,tensec,"Tensec","Tensec",https://jobs.ashbyhq.com/tensec,2,"Software Engineer - Agents",no,tensec.ashby.ats-placeholder,,
insert,low,greenhouse,starburst,"Starburst","Starburst",https://boards.greenhouse.io/starburst,25,"Application Security Engineer",no,starburst.greenhouse.ats-placeholder,,
insert,med,ashby,primer,"Primer","Primer",https://jobs.ashbyhq.com/primer,18,"Senior Software Engineer, Full Stack",no,primer.ashby.ats-placeholder,,
insert,low,greenhouse,luminate,"Luminate Health","Luminate Health",https://boards.greenhouse.io/luminate,5,"Account Executive, SMB (Film & TV and SVM)",no,luminate.greenhouse.ats-placeholder,,
insert,low,ashby,monarchmoney,"Monarch Money","Monarch Money",https://jobs.ashbyhq.com/monarchmoney,9,"Future Opportunities",no,monarchmoney.ashby.ats-placeholder,,
insert,low,ashby,arthur,"Arthur Cox","Arthur Cox",https://jobs.ashbyhq.com/arthur,2,"Robotics Software Engineer",no,arthur.ashby.ats-placeholder,,
insert,low,smartrecruiters,sportradar,"Sportradar","Sportradar",https://careers.smartrecruiters.com/sportradar,35,"Senior Software Engineer - Data (Python, AWS)",no,sportradar.smartrecruiters.ats-placeholder,,
insert,low,greenhouse,10xgenomics,"10x Genomics","10x Genomics",https://boards.greenhouse.io/10xgenomics,38,"Account Executive, East Bay",no,10xgenomics.greenhouse.ats-placeholder,,
insert,low,greenhouse,seres,"Seres","Seres",https://boards.greenhouse.io/seres,3,"Embedded Firmware Engineer II",no,seres.greenhouse.ats-placeholder,,
insert,med,ashby,augur,"Augur","Augur",https://jobs.ashbyhq.com/augur,4,"Frontier Engineer (Deployments)",no,augur.ashby.ats-placeholder,,
insert,low,greenhouse,coefficient,"Coefficient","Coefficient",https://boards.greenhouse.io/coefficient,6,"Commercial Sales Development Representative",no,coefficient.greenhouse.ats-placeholder,,
insert,low,greenhouse,emi,"Emi Labs","Emi Labs",https://boards.greenhouse.io/emi,3,"Business Development Manager",no,emi.greenhouse.ats-placeholder,,
insert,low,greenhouse,vonage,"Vonage","Vonage",https://boards.greenhouse.io/vonage,74,"Agile Delivery Manager",no,vonage.greenhouse.ats-placeholder,,
insert,low,ashby,decimal,"8 Decimal Capital","8 Decimal Capital",https://jobs.ashbyhq.com/decimal,6,"Name Your Job",no,decimal.ashby.ats-placeholder,,
insert,low,greenhouse,kunai,"Kunai","Kunai",https://boards.greenhouse.io/kunai,11,"Ingénieur(e) en logiciels Python/données –Services au secteur financier",no,kunai.greenhouse.ats-placeholder,,
insert,low,smartrecruiters,ncc,"NCC Group","NCC Group",https://careers.smartrecruiters.com/ncc,100,"Senior prosjekteringsleder",no,ncc.smartrecruiters.ats-placeholder,,
insert,med,lever,balbix,"Balbix","Balbix",https://jobs.lever.co/balbix,11,"AI/ML Architect",no,balbix.lever.ats-placeholder,,
insert,low,greenhouse,pluspower,"Plus Power","Plus Power",https://boards.greenhouse.io/pluspower,11,"BESS Field Manager, Central Texas",no,pluspower.greenhouse.ats-placeholder,,
insert,low,greenhouse,brightsign,"BrightSign LLC","BrightSign LLC",https://boards.greenhouse.io/brightsign,2,"Business Development of Transportation",no,brightsign.greenhouse.ats-placeholder,,
insert,med,lever,vana,"Vana","Vana",https://jobs.lever.co/vana,40,"Agente de Desembolsos - Perú",no,vana.lever.ats-placeholder,,
insert,low,lever,crypto,"Crypto Pro","Crypto Pro",https://jobs.lever.co/crypto,115,"(Senior) Cloud Infrastructure Engineer / System & Cloud Engineer",no,crypto.lever.ats-placeholder,,
insert,low,greenhouse,ooma,"Ooma","Ooma",https://boards.greenhouse.io/ooma,6,"Inside Sales Representative",no,ooma.greenhouse.ats-placeholder,,
insert,high,lever,arsenalbio,"ArsenalBio","ArsenalBio",https://jobs.lever.co/arsenalbio,2,"Cell Therapy Specialist II (26100-B-683-MFG)",no,arsenalbio.lever.ats-placeholder,,
insert,low,smartrecruiters,civilmaps,"Civil Maps","Civil Maps",https://careers.smartrecruiters.com/civilmaps,1,"Senior Technical Recruiter",no,civilmaps.smartrecruiters.ats-placeholder,,
insert,med,ashby,superdial,"SuperDial","SuperDial",https://jobs.ashbyhq.com/superdial,25,"Staff Software Engineer",no,superdial.ashby.ats-placeholder,,
insert,low,greenhouse,platformsh,"Platform.sh","Platform.sh",https://boards.greenhouse.io/platformsh,7,"Alternant(e) Comptabilité Générale ",no,platformsh.greenhouse.ats-placeholder,,
insert,med,ashby,expa,"Expa","Expa",https://jobs.ashbyhq.com/expa,13,"CA Family Law Attorney (Contract)",no,expa.ashby.ats-placeholder,,
insert,low,greenhouse,branch,"Branch (branch.io)","Branch",https://boards.greenhouse.io/branch,11,"Corporate Security Engineer",no,branch.greenhouse.ats-placeholder,,
insert,med,lever,happyco,"HappyCo","HappyCo",https://jobs.lever.co/happyco,11,"Call Handling Specialist",no,happyco.lever.ats-placeholder,,
insert,med,ashby,bureau,"Bureau (bureau.id)","Bureau",https://jobs.ashbyhq.com/bureau,13,"Product Manager (Transaction Monitoring)",no,bureau.ashby.ats-placeholder,,
insert,low,ashby,astera,"Astera Labs","Astera Labs",https://jobs.ashbyhq.com/astera,26,"Machine Learning Researcher - Springtail",no,astera.ashby.ats-placeholder,,
insert,low,greenhouse,usergems,"UserGems","UserGems",https://boards.greenhouse.io/usergems,3,"Account Development Rep II",no,usergems.greenhouse.ats-placeholder,,
insert,low,smartrecruiters,scalr,"Scalr","Scalr",https://careers.smartrecruiters.com/scalr,1,"Marketing Business Partner - Partners & Affiliates",no,scalr.smartrecruiters.ats-placeholder,,
insert,med,ashby,taekus,"Taekus","Taekus",https://jobs.ashbyhq.com/taekus,5,"Loyalty Partnerships Manager",no,taekus.ashby.ats-placeholder,,
insert,low,lever,dexterity,"Dexterity Capital","Dexterity Capital",https://jobs.lever.co/dexterity,26,"Application Support Engineer",no,dexterity.lever.ats-placeholder,,
insert,low,greenhouse,weee,"Weee!","Weee!",https://boards.greenhouse.io/weee,23,"Associate IT Specialist",no,weee.greenhouse.ats-placeholder,,
insert,med,ashby,nexxa,"Nexxa.ai","Nexxa.ai",https://jobs.ashbyhq.com/nexxa,8,"Applied AI Engineer",no,nexxa.ashby.ats-placeholder,,
insert,low,smartrecruiters,vimana,"VIMANA","VIMANA",https://careers.smartrecruiters.com/vimana,1,"Product Support Engineer",no,vimana.smartrecruiters.ats-placeholder,,
insert,high,ashby,succinct,"Succinct","Succinct",https://jobs.ashbyhq.com/succinct,1,"General Application",no,succinct.ashby.ats-placeholder,,
insert,low,greenhouse,epickids,"Epic for kids","Epic for kids",https://boards.greenhouse.io/epickids,8,"Customer Experience Agent (Contract)",no,epickids.greenhouse.ats-placeholder,,
insert,low,ashby,flint,"Flint Mobile","Flint Mobile",https://jobs.ashbyhq.com/flint,7,"Software Engineer",no,flint.ashby.ats-placeholder,,
insert,low,greenhouse,credible,"Credible","Credible",https://boards.greenhouse.io/credible,6,"BI Data Analyst III",no,credible.greenhouse.ats-placeholder,,
insert,low,smartrecruiters,31west,"31West Global Services","31West Global Services",https://careers.smartrecruiters.com/31west,1,"BPO US Voice process",no,31west.smartrecruiters.ats-placeholder,,
insert,low,ashby,graphite,"Graphite Bio","Graphite Bio",https://jobs.ashbyhq.com/graphite,11,"Engineering Manager",no,graphite.ashby.ats-placeholder,,
insert,low,greenhouse,mightynetworks,"Mighty Networks","Mighty Networks",https://boards.greenhouse.io/mightynetworks,5,"Community Strategist",no,mightynetworks.greenhouse.ats-placeholder,,
insert,low,ashby,docker,"Docker, Inc","Docker, Inc",https://jobs.ashbyhq.com/docker,38,"Senior Field Marketing Manager (EMEA)",no,docker.ashby.ats-placeholder,,
insert,high,ashby,slope,"Slope","Slope",https://jobs.ashbyhq.com/slope,2,"Risk Operations",no,slope.ashby.ats-placeholder,,
insert,low,ashby,spiral,"Spiral Scout","Spiral Scout",https://jobs.ashbyhq.com/spiral,2,"Software Engineer - Systems",no,spiral.ashby.ats-placeholder,,
insert,med,ashby,doppler,"Doppler","Doppler",https://jobs.ashbyhq.com/doppler,4,"General Application ",no,doppler.ashby.ats-placeholder,,
skip-ats,med,lever,enable,"Enable","Enable",https://jobs.lever.co/enable,6,"Experienced Engineer",no,enable.lever.ats-placeholder,,
insert,low,greenhouse,alpaca,"Alpaca","Alpaca",https://boards.greenhouse.io/alpaca,59,"Brokerage Operations Manager - Saudi ",no,alpaca.greenhouse.ats-placeholder,,
update-by-name,med,ashby,arch,"Arch (getarch.com)","Arch",https://jobs.ashbyhq.com/arch,4,"Senior Software Engineer",no,arch.com,"Arch",arch.com
insert,low,ashby,apollo-graphql,"Apollo GraphQL","Apollo GraphQL",https://jobs.ashbyhq.com/apollo-graphql,11,"Staff Software Engineer, Rust",no,apollo-graphql.ashby.ats-placeholder,,
insert,low,greenhouse,reach,"Reach","Reach",https://boards.greenhouse.io/reach,1,"Senior Software Engineer",no,reach.greenhouse.ats-placeholder,,
insert,high,lever,alector,"Alector","Alector",https://jobs.lever.co/alector,1,"People Operations Specialist (Part Time/Temporary)",no,alector.lever.ats-placeholder,,
insert,low,greenhouse,openspace,"OpenSpace","OpenSpace",https://boards.greenhouse.io/openspace,11,"Commissions Analyst (Contract)",no,openspace.greenhouse.ats-placeholder,,
insert,low,greenhouse,datagrail,"DataGrail","DataGrail",https://boards.greenhouse.io/datagrail,3,"Customer Success Manager",no,datagrail.greenhouse.ats-placeholder,,
insert,low,greenhouse,camp,"AI Camp","AI Camp",https://boards.greenhouse.io/camp,32,"Actors/Performers ",no,camp.greenhouse.ats-placeholder,,
insert,med,ashby,shasqi,"Shasqi","Shasqi",https://jobs.ashbyhq.com/shasqi,4,"Principal Scientist, ADME/PK",no,shasqi.ashby.ats-placeholder,,
skip-ats,low,ashby,cognition,"Cognition Labs","Cognition Labs",https://jobs.ashbyhq.com/cognition,59,"Special Projects Engineer",no,cognition.ashby.ats-placeholder,,
insert,low,smartrecruiters,tiltfive,"Tilt Five","Tilt Five",https://careers.smartrecruiters.com/tiltfive,1,"Quality Assurance and Control Engineer / Product Engineer",no,tiltfive.smartrecruiters.ats-placeholder,,
insert,med,ashby,skip,"Skip","Skip",https://jobs.ashbyhq.com/skip,12,"Backend Engineer",no,skip.ashby.ats-placeholder,,
insert,low,smartrecruiters,jway,"JWay Group","JWay Group",https://careers.smartrecruiters.com/jway,3,"SalesForce.com Developer",no,jway.smartrecruiters.ats-placeholder,,
skip-ats,low,greenhouse,flourish,"Flourish Ventures","Flourish Ventures",https://boards.greenhouse.io/flourish,7,"Account Executive",no,flourish.greenhouse.ats-placeholder,,
insert,med,lever,noodle,"Noodle.ai","Noodle.ai",https://jobs.lever.co/noodle,4,"Director, Integrated Marketing",no,noodle.lever.ats-placeholder,,
insert,med,ashby,capchase,"Capchase","Capchase",https://jobs.ashbyhq.com/capchase,4,"Account Executive",no,capchase.ashby.ats-placeholder,,
insert,low,greenhouse,attotude,"AttoTude","AttoTude",https://boards.greenhouse.io/attotude,14,"Advanced Packaging Design Engineer",no,attotude.greenhouse.ats-placeholder,,
skip-ats,low,greenhouse,impact,"impact.com","impact.com",https://boards.greenhouse.io/impact,86,"Account Executive",no,impact.greenhouse.ats-placeholder,,
insert,low,ashby,lightning,"Lightning Labs","Lightning Labs",https://jobs.ashbyhq.com/lightning,13,"Assets Protocol Engineer (Remote)",no,lightning.ashby.ats-placeholder,,
insert,high,lever,nfx,"NFX","NFX",https://jobs.lever.co/nfx,2,"NFX Fellows Application 2026-2027",no,nfx.lever.ats-placeholder,,
insert,low,smartrecruiters,fullcycle,"Full Cycle","Full Cycle",https://careers.smartrecruiters.com/fullcycle,7,"Employee Engagement Coordinator",no,fullcycle.smartrecruiters.ats-placeholder,,
insert,high,ashby,educationsuperhighway,"EducationSuperHighway","EducationSuperHighway",https://jobs.ashbyhq.com/educationsuperhighway,3,"Vice President, Corporate Partnerships",no,educationsuperhighway.ashby.ats-placeholder,,
insert,low,greenhouse,vaxcyte,"Vaxcyte","Vaxcyte",https://boards.greenhouse.io/vaxcyte,52,"AI Implementation Consultant – Legal ",no,vaxcyte.greenhouse.ats-placeholder,,
insert,low,lever,tonic,"Tonic Health","Tonic Health",https://jobs.lever.co/tonic,2,"Growth Lead",no,tonic.lever.ats-placeholder,,
insert,low,lever,woven-by-toyota,"Woven by Toyota","Woven by Toyota",https://jobs.lever.co/woven-by-toyota,147,"Accounting Manager, Woven Capital",no,woven-by-toyota.lever.ats-placeholder,,
insert,low,greenhouse,boostlingo,"Boostlingo","Boostlingo",https://boards.greenhouse.io/boostlingo,4,"Accounts Receivable Specialist",no,boostlingo.greenhouse.ats-placeholder,,
insert,high,lever,valorx,"Valorx","Valorx",https://jobs.lever.co/valorx,1,"Software Engineer",no,valorx.lever.ats-placeholder,,
insert,low,ashby,solcoa,"Solcoa Industries","Solcoa Industries",https://jobs.ashbyhq.com/solcoa,8,"Mechanical Engineer",no,solcoa.ashby.ats-placeholder,,
insert,high,ashby,reserve,"Reserve","Reserve",https://jobs.ashbyhq.com/reserve,1,"Stay in touch",no,reserve.ashby.ats-placeholder,,
insert,low,greenhouse,contentstack,"Contentstack","Contentstack",https://boards.greenhouse.io/contentstack,6,"Customer Success Advocate - I",no,contentstack.greenhouse.ats-placeholder,,
insert,low,smartrecruiters,stratapps,"StratApps","StratApps",https://careers.smartrecruiters.com/stratapps,1,"Account Manager",no,stratapps.smartrecruiters.ats-placeholder,,
insert,low,ashby,real,"Real Industry","Real Industry",https://jobs.ashbyhq.com/real,19,"Escrow Officer Talent Network ",no,real.ashby.ats-placeholder,,
insert,low,greenhouse,super,"Super","Super",https://boards.greenhouse.io/super,225,"Accountant – Western Europe",no,super.greenhouse.ats-placeholder,,
insert,low,greenhouse,workstream,"Workstream","Workstream",https://boards.greenhouse.io/workstream,23,"Account Executive ",no,workstream.greenhouse.ats-placeholder,,
insert,med,lever,pyka,"Pyka","Pyka",https://jobs.lever.co/pyka,20,"Aircraft Maintenance Manager (Brazil only)",no,pyka.lever.ats-placeholder,,
insert,low,ashby,frec,"Frec Markets, Inc.","Frec Markets, Inc.",https://jobs.ashbyhq.com/frec,4,"Backend Engineer",no,frec.ashby.ats-placeholder,,
insert,low,greenhouse,fandom,"Fandom","Fandom",https://boards.greenhouse.io/fandom,4,"Software Engineer II - Backend - PHP",no,fandom.greenhouse.ats-placeholder,,
insert,med,lever,controlup,"ControlUp","ControlUp",https://jobs.lever.co/controlup,14,"Account Manager (Netherlands)",no,controlup.lever.ats-placeholder,,
insert,low,greenhouse,glide,"Glide (glideapps.com)","Glide",https://boards.greenhouse.io/glide,2,"Mystery Flavor",no,glide.greenhouse.ats-placeholder,,
insert,low,lever,tekton,"Tekton Labs","Tekton Labs",https://jobs.lever.co/tekton,11,"Fulfillment Specialist",no,tekton.lever.ats-placeholder,,
insert,med,ashby,vivun,"Vivun","Vivun",https://jobs.ashbyhq.com/vivun,4,"Tap into Future Opportunities: Register Your Interest with Us",no,vivun.ashby.ats-placeholder,,
insert,low,smartrecruiters,skybox,"Skybox Security","Skybox Security",https://careers.smartrecruiters.com/skybox,1,"Marketing",no,skybox.smartrecruiters.ats-placeholder,,
insert,med,lever,mytos,"Mytos","Mytos",https://jobs.lever.co/mytos,8,"Chief of Staff",no,mytos.lever.ats-placeholder,,
insert,low,greenhouse,splice,"Splice Machine","Splice Machine",https://boards.greenhouse.io/splice,1,"Accounts Payable Specialist ",no,splice.greenhouse.ats-placeholder,,
insert,high,lever,tact,"Tact.ai","Tact.ai",https://jobs.lever.co/tact,3,"Applied Behavior Analysis (ABA) Technician",no,tact.lever.ats-placeholder,,
insert,low,greenhouse,willowinnovations,"Willow Innovations, Inc.","Willow Innovations, Inc.",https://boards.greenhouse.io/willowinnovations,4,"Amazon Marketplace Manager",no,willowinnovations.greenhouse.ats-placeholder,,
insert,low,greenhouse,tensordyne,"Tensordyne","Tensordyne",https://boards.greenhouse.io/tensordyne,9,"Hardware Design Engineer",no,tensordyne.greenhouse.ats-placeholder,,
insert,low,greenhouse,edge,"Edge & Node","Edge & Node",https://boards.greenhouse.io/edge,2,"Client Relations Associate - Health (new)",no,edge.greenhouse.ats-placeholder,,
insert,low,greenhouse,eclipse,"Eclipse Ventures","Eclipse Ventures",https://boards.greenhouse.io/eclipse,1,"Data Scientist (AI Data & LLM Specialist)",no,eclipse.greenhouse.ats-placeholder,,
insert,low,lever,mantra,"Mantra Bio","Mantra Bio",https://jobs.lever.co/mantra,13,"AI/MLエンジニア/ AI/ML Engineer(Mantra Engine)",no,mantra.lever.ats-placeholder,,
insert,low,greenhouse,canopyconnect,"Canopy Connect","Canopy Connect",https://boards.greenhouse.io/canopyconnect,3,"Backend Engineer - Carrier Integrations Team (Remote)",no,canopyconnect.greenhouse.ats-placeholder,,
insert,high,ashby,forma,"Forma","Forma",https://jobs.ashbyhq.com/forma,2,"Senior Software Engineer",no,forma.ashby.ats-placeholder,,
insert,low,greenhouse,alt,"ALT","ALT",https://boards.greenhouse.io/alt,12,"Associate Account Executive (TCG) ",no,alt.greenhouse.ats-placeholder,,
insert,low,lever,triallibrary,"Trial Library","Trial Library",https://jobs.lever.co/triallibrary,1,"Patient Navigator",no,triallibrary.lever.ats-placeholder,,
insert,low,ashby,reach,"Reach Security","Reach Security",https://jobs.ashbyhq.com/reach,4,"Staff Software Engineer (Backend)",no,reach.ashby.ats-placeholder,,
insert,low,ashby,vantage,"Vantage Robotics","Vantage Robotics",https://jobs.ashbyhq.com/vantage,6,"Senior Customer Success Manager",no,vantage.ashby.ats-placeholder,,
skip-ats,low,ashby,novo,"Novo Nordisk","Novo Nordisk",https://jobs.ashbyhq.com/novo,12,"Senior Analytics - Strategy and Analytics",no,novo.ashby.ats-placeholder,,
insert,med,lever,confluera,"Confluera","Confluera",https://jobs.lever.co/confluera,11,"Front-End Engineer",no,confluera.lever.ats-placeholder,,
insert,med,lever,rylo,"Rylo","Rylo",https://jobs.lever.co/rylo,8,"Algorithm Engineer",no,rylo.lever.ats-placeholder,,
insert,low,greenhouse,youappi,"YouAppi","YouAppi",https://boards.greenhouse.io/youappi,1,"Director of Sales - EMEA",no,youappi.greenhouse.ats-placeholder,,
insert,low,smartrecruiters,picsart,"PicsArt","PicsArt",https://careers.smartrecruiters.com/picsart,1,"Product Marketing Specialist",no,picsart.smartrecruiters.ats-placeholder,,
insert,high,ashby,poetiq,"Poetiq","Poetiq",https://jobs.ashbyhq.com/poetiq,2,"AI Engineer",no,poetiq.ashby.ats-placeholder,,
insert,low,ashby,lumos,"Lumos Labs (Lumosity)","Lumos Labs",https://jobs.ashbyhq.com/lumos,14,"Enterprise Account Executive (South Central)",no,lumos.ashby.ats-placeholder,,
insert,low,greenhouse,pivotbio,"Pivot Bio","Pivot Bio",https://boards.greenhouse.io/pivotbio,19,"Commercial Agronomist",no,pivotbio.greenhouse.ats-placeholder,,
insert,med,ashby,aven,"Aven","Aven",https://jobs.ashbyhq.com/aven,5,"Mortgage Loan Officer",no,aven.ashby.ats-placeholder,,
insert,med,ashby,lyric,"Lyric","Lyric",https://jobs.ashbyhq.com/lyric,25,"Senior/Staff Front End Engineer",no,lyric.ashby.ats-placeholder,,
insert,med,lever,coderpad,"CoderPad","CoderPad",https://jobs.lever.co/coderpad,6,"Account Executive (Remote - North America)",no,coderpad.lever.ats-placeholder,,
insert,low,smartrecruiters,qarea,"QArea","QArea",https://careers.smartrecruiters.com/qarea,1,"iOS software developer",no,qarea.smartrecruiters.ats-placeholder,,
insert,med,ashby,chalk,"Chalk","Chalk",https://jobs.ashbyhq.com/chalk,19,"Brand Designer",no,chalk.ashby.ats-placeholder,,
insert,low,ashby,verge-genomics,"Verge Genomics","Verge Genomics",https://jobs.ashbyhq.com/verge-genomics,1,"Computational Biologist",no,verge-genomics.ashby.ats-placeholder,,
insert,low,ashby,radiant,"Radiant Logic","Radiant Logic",https://jobs.ashbyhq.com/radiant,10,"Senior Network Engineer",no,radiant.ashby.ats-placeholder,,
insert,low,greenhouse,noble,"Noble Direct","Noble Direct",https://boards.greenhouse.io/noble,2,"General Application",no,noble.greenhouse.ats-placeholder,,
insert,low,greenhouse,virgo,"Virgo","Virgo",https://boards.greenhouse.io/virgo,3,"Account Manager - Medical Communications (12 month FTC)",no,virgo.greenhouse.ats-placeholder,,
insert,low,lever,npowermedicine,"N-Power Medicine","N-Power Medicine",https://jobs.lever.co/npowermedicine,8,"Biopharma Solutions Architect",no,npowermedicine.lever.ats-placeholder,,
insert,low,ashby,farel,"Farel Inc (farel.io)","Farel Inc",https://jobs.ashbyhq.com/farel,8,"Account Executive Japan",no,farel.ashby.ats-placeholder,,
insert,high,lever,empowerly,"Empowerly","Empowerly",https://jobs.lever.co/empowerly,2,"College Admissions Counselor",no,empowerly.lever.ats-placeholder,,
insert,med,ashby,vinci4d,"Vinci4D.ai","Vinci4D.ai",https://jobs.ashbyhq.com/vinci4d,14,"Member of Technical Staff - Software Engineer",no,vinci4d.ashby.ats-placeholder,,
insert,high,ashby,catio,"Catio","Catio",https://jobs.ashbyhq.com/catio,2,"Founding Account Executive",no,catio.ashby.ats-placeholder,,
insert,low,ashby,bunny,"Bunny Studio","Bunny Studio",https://jobs.ashbyhq.com/bunny,1,"Product Manager",no,bunny.ashby.ats-placeholder,,
insert,low,smartrecruiters,omniscience,"Omniscience Corporation","Omniscience Corporation",https://careers.smartrecruiters.com/omniscience,2,"Product Owner (B2B)",no,omniscience.smartrecruiters.ats-placeholder,,
insert,low,greenhouse,northbeam,"Northbeam","Northbeam",https://boards.greenhouse.io/northbeam,7,"Senior Designer, Marketing Brand and Creative",no,northbeam.greenhouse.ats-placeholder,,
insert,low,greenhouse,hexagonbio,"Hexagon Bio","Hexagon Bio",https://boards.greenhouse.io/hexagonbio,1,"Senior Scientist, Pharmacology",no,hexagonbio.greenhouse.ats-placeholder,,
insert,low,ashby,castle,"Castle Information Systems","Castle Information Systems",https://jobs.ashbyhq.com/castle,2,"Software Engineer",no,castle.ashby.ats-placeholder,,
insert,low,ashby,lark,"Lark Health","Lark Health",https://jobs.ashbyhq.com/lark,2,"Senior Product Manager, Data",no,lark.ashby.ats-placeholder,,
insert,low,greenhouse,newsela,"Newsela","Newsela",https://boards.greenhouse.io/newsela,21,"Account Executive",no,newsela.greenhouse.ats-placeholder,,
insert,low,greenhouse,accela,"Accela","Accela",https://boards.greenhouse.io/accela,16,"Account Executive",no,accela.greenhouse.ats-placeholder,,
insert,low,greenhouse,roo,"Roo","Roo",https://boards.greenhouse.io/roo,9,"Director of Sales Operations",no,roo.greenhouse.ats-placeholder,,
insert,low,greenhouse,zero,"Zero Emission Industries","Zero Emission Industries",https://boards.greenhouse.io/zero,9,"Accountant",no,zero.greenhouse.ats-placeholder,,
insert,low,smartrecruiters,voiq,"VOIQ","VOIQ",https://careers.smartrecruiters.com/voiq,1,"VOIQ Phone Sales Agent - $15+/hour telecommute/remote",no,voiq.smartrecruiters.ats-placeholder,,
insert,low,greenhouse,archera,"Archera","Archera",https://boards.greenhouse.io/archera,3,"Chief of Staff to the CEO",no,archera.greenhouse.ats-placeholder,,
insert,med,ashby,graphitehq,"Graphitehq","Graphitehq",https://jobs.ashbyhq.com/graphitehq,8,"SEO/AEO Growth Director",no,graphitehq.ashby.ats-placeholder,,
insert,med,lever,teleo,"Teleo","Teleo",https://jobs.lever.co/teleo,13,"Electrical Integration Engineer",no,teleo.lever.ats-placeholder,,
insert,low,greenhouse,revero,"Revero","Revero",https://boards.greenhouse.io/revero,7,"Content Creator and Social Media Manager (Contract)",no,revero.greenhouse.ats-placeholder,,
insert,low,ashby,go-nimbly,"Go Nimbly","Go Nimbly",https://jobs.ashbyhq.com/go-nimbly,3,"RevOps Solutions Architect (Remote; US or LATAM)",no,go-nimbly.ashby.ats-placeholder,,
insert,low,greenhouse,realchemistry,"Real Chemistry","Real Chemistry",https://boards.greenhouse.io/realchemistry,83,"21GRAMS Room42 Freelance Opportunities - Senior Delivery Manager, Senior Designe",no,realchemistry.greenhouse.ats-placeholder,,
insert,high,ashby,everops,"EverOps","EverOps",https://jobs.ashbyhq.com/everops,2,"Senior Software Engineer - Identity & Quality Assurance",no,everops.ashby.ats-placeholder,,
insert,low,greenhouse,houserx,"House Rx","House Rx",https://boards.greenhouse.io/houserx,22,"Care Coordinator (Specialty Pharmacy) - Portland, ME",no,houserx.greenhouse.ats-placeholder,,
insert,low,greenhouse,nothing,"Nothing Something","Nothing Something",https://boards.greenhouse.io/nothing,34,"Assistant Brand Manager",no,nothing.greenhouse.ats-placeholder,,
insert,low,greenhouse,iterable,"Iterable","Iterable",https://boards.greenhouse.io/iterable,34,"Account Executive (Commercial)",no,iterable.greenhouse.ats-placeholder,,
insert,med,ashby,stackone,"StackOne","StackOne",https://jobs.ashbyhq.com/stackone,6,"Senior UI Engineer",no,stackone.ashby.ats-placeholder,,
insert,low,greenhouse,foundry,"Foundry (mlfoundry.com)","Foundry",https://boards.greenhouse.io/foundry,18,"Account Executive",no,foundry.greenhouse.ats-placeholder,,
insert,low,greenhouse,activate,"Activate","Activate",https://boards.greenhouse.io/activate,4,"Brand Intern, Fellowship Recruitment",no,activate.greenhouse.ats-placeholder,,
insert,med,lever,rapidai,"RapidAI","RapidAI",https://jobs.lever.co/rapidai,9,"Implementation Manager",no,rapidai.lever.ats-placeholder,,
insert,med,lever,provectus,"Provectus","Provectus",https://jobs.lever.co/provectus,27,"Business Development Manager – AI / Cloud Solutions",no,provectus.lever.ats-placeholder,,
insert,low,greenhouse,tempo,"Tempo Automation","Tempo Automation",https://boards.greenhouse.io/tempo,2,"Materials Process Technician",no,tempo.greenhouse.ats-placeholder,,
insert,med,ashby,devsavant,"DevSavant","DevSavant",https://jobs.ashbyhq.com/devsavant,12,"Senior Insight Analyst",no,devsavant.ashby.ats-placeholder,,
insert,low,smartrecruiters,kioxia,"KIOXIA America","KIOXIA America",https://careers.smartrecruiters.com/kioxia,14,"Staff Hyperscale Product Manager - 2248",no,kioxia.smartrecruiters.ats-placeholder,,
insert,med,lever,kabam,"Kabam","Kabam",https://jobs.lever.co/kabam,16,"Associate Balance Designer",no,kabam.lever.ats-placeholder,,
insert,high,lever,ammobia,"Ammobia","Ammobia",https://jobs.lever.co/ammobia,2,"Engineering Technician",no,ammobia.lever.ats-placeholder,,
insert,low,greenhouse,resilience,"Resilience","Resilience",https://boards.greenhouse.io/resilience,3,"Claims Specialist",no,resilience.greenhouse.ats-placeholder,,
insert,med,ashby,redis,"Redis (redis.io)","Redis",https://jobs.ashbyhq.com/redis,103,"Regional Account Executive - Chicago/Minneapolis ",no,redis.ashby.ats-placeholder,,
insert,low,ashby,pear-vc,"Pear VC","Pear VC",https://jobs.ashbyhq.com/pear-vc,89,"Executive Assistant - Pear VC",no,pear-vc.ashby.ats-placeholder,,
insert,low,lever,lyrahealth,"Lyra Health","Lyra Health",https://jobs.lever.co/lyrahealth,416,"Account Manager",no,lyrahealth.lever.ats-placeholder,,
insert,low,greenhouse,peloton,"Peloton Technology","Peloton Technology",https://boards.greenhouse.io/peloton,63,"Associate Manager, Marketing",no,peloton.greenhouse.ats-placeholder,,
skip-ats,low,greenhouse,wrike,"Wrike","Wrike",https://boards.greenhouse.io/wrike,51,"Account Development Manager 1 -Evening shift  (15:30 - 00:00) ",no,wrike.greenhouse.ats-placeholder,,
insert,med,ashby,unify,"Unify","Unify",https://jobs.ashbyhq.com/unify,19,"Senior Data Engineer, Enrichment",no,unify.ashby.ats-placeholder,,
insert,low,ashby,grand,"Grand Rounds Health","Grand Rounds Health",https://jobs.ashbyhq.com/grand,3,"Founding Fintech Legal & Regulatory Lead",no,grand.ashby.ats-placeholder,,
insert,low,greenhouse,intrinsicrobotics,"Intrinsic Robotics","Intrinsic Robotics",https://boards.greenhouse.io/intrinsicrobotics,35,"Administrative Business Partner",no,intrinsicrobotics.greenhouse.ats-placeholder,,
insert,low,greenhouse,matik,"Matik","Matik",https://boards.greenhouse.io/matik,1,"Sr. Demand Generation Manager",no,matik.greenhouse.ats-placeholder,,
insert,low,ashby,jump,"JUMP by Limitless Flight","JUMP by Limitless Flight",https://jobs.ashbyhq.com/jump,4,"Join the Jump Product & Design Talent Pool ",no,jump.ashby.ats-placeholder,,
insert,low,greenhouse,glassbeam,"Glassbeam","Glassbeam",https://boards.greenhouse.io/glassbeam,1,"Modality Service Engineer",no,glassbeam.greenhouse.ats-placeholder,,
insert,low,greenhouse,alamarbiosciences,"Alamar Biosciences","Alamar Biosciences",https://boards.greenhouse.io/alamarbiosciences,22,"Accounts Payable / Accounts Receivable Specialist",no,alamarbiosciences.greenhouse.ats-placeholder,,
insert,low,greenhouse,ajtutoring,"AJ Tutoring","AJ Tutoring",https://boards.greenhouse.io/ajtutoring,20,"Algebra Tutor",no,ajtutoring.greenhouse.ats-placeholder,,
insert,low,ashby,atomic-invest,"Atomic Invest","Atomic Invest",https://jobs.ashbyhq.com/atomic-invest,3,"Software Engineer, Backend ",no,atomic-invest.ashby.ats-placeholder,,
insert,med,ashby,invert,"Invert","Invert",https://jobs.ashbyhq.com/invert,6,"Implementation Manager ",no,invert.ashby.ats-placeholder,,
insert,med,ashby,chromatic,"Chromatic","Chromatic",https://jobs.ashbyhq.com/chromatic,9,"General Interest - Future Roles",no,chromatic.ashby.ats-placeholder,,
insert,med,ashby,freshpaint,"Freshpaint","Freshpaint",https://jobs.ashbyhq.com/freshpaint,10,"Senior Enterprise Account Executive",no,freshpaint.ashby.ats-placeholder,,
skip-ats,low,ashby,nudge,"Nudge Text","Nudge Text",https://jobs.ashbyhq.com/nudge,24,"Firmware Engineer",no,nudge.ashby.ats-placeholder,,
insert,low,greenhouse,dustyrobotics,"Dusty Robotics","Dusty Robotics",https://boards.greenhouse.io/dustyrobotics,6,"Create Your Own Job",no,dustyrobotics.greenhouse.ats-placeholder,,
insert,med,lever,entefy,"Entefy","Entefy",https://jobs.lever.co/entefy,14,"Artificial Intelligence Leader (Remote Position)",no,entefy.lever.ats-placeholder,,
insert,low,smartrecruiters,awesm,"awe.sm","awe.sm",https://careers.smartrecruiters.com/awesm,2,"Paid Traffic Manager",no,awesm.smartrecruiters.ats-placeholder,,
insert,low,greenhouse,monograph,"Monograph","Monograph",https://boards.greenhouse.io/monograph,3,"Customer Experience Operations Manager",no,monograph.greenhouse.ats-placeholder,,
insert,low,greenhouse,moon,"Moon Creative Lab","Moon Creative Lab",https://boards.greenhouse.io/moon,2,"Interested in Future Contract Opportunities at Moon? (Contract, Palo Alto)",no,moon.greenhouse.ats-placeholder,,
insert,med,ashby,forerunner,"Forerunner","Forerunner",https://jobs.ashbyhq.com/forerunner,7,"Full-Stack Technical Lead Manager",no,forerunner.ashby.ats-placeholder,,
insert,low,smartrecruiters,gfr,"GFR Fund","GFR Fund",https://careers.smartrecruiters.com/gfr,1,"UX designer",no,gfr.smartrecruiters.ats-placeholder,,
insert,low,lever,coalescence,"Coalescence Cloud","Coalescence Cloud",https://jobs.lever.co/coalescence,1,"Account Executive",no,coalescence.lever.ats-placeholder,,
insert,low,greenhouse,elementscience,"Element Science","Element Science",https://boards.greenhouse.io/elementscience,9,"Director, Regulatory Affairs",no,elementscience.greenhouse.ats-placeholder,,
insert,low,greenhouse,shopmonkey,"Shopmonkey","Shopmonkey",https://boards.greenhouse.io/shopmonkey,7,"Account Executive, SMB",no,shopmonkey.greenhouse.ats-placeholder,,
insert,low,greenhouse,arenaim,"Arena.im","Arena.im",https://boards.greenhouse.io/arenaim,6,"Back end Engineer [Brazil]",no,arenaim.greenhouse.ats-placeholder,,
insert,low,greenhouse,rockbot,"Rockbot","Rockbot",https://boards.greenhouse.io/rockbot,3,"Director, Quality Assurance",no,rockbot.greenhouse.ats-placeholder,,
insert,med,ashby,aios,"AIOS","AIOS",https://jobs.ashbyhq.com/aios,5,"Head of Product Growth (Referrals & Viral Loops) at AIOS — Remote, $200k-$400k/y",no,aios.ashby.ats-placeholder,,
insert,low,greenhouse,trufflesecurity,"Truffle Security","Truffle Security",https://boards.greenhouse.io/trufflesecurity,7,"Enterprise Account Executive",no,trufflesecurity.greenhouse.ats-placeholder,,
insert,low,ashby,pure,"PURE Insurance","PURE Insurance",https://jobs.ashbyhq.com/pure,3,"Founding GTM Leader (Sales)",no,pure.ashby.ats-placeholder,,
insert,low,greenhouse,sirum,"SIRUM","SIRUM",https://boards.greenhouse.io/sirum,2,"Head of Operations & Partnerships - Medicine Donor Team",no,sirum.greenhouse.ats-placeholder,,
insert,low,greenhouse,4dmoleculartherapeutics,"4D Molecular Therapeutics - (4DMT)","4D Molecular Therapeutics -",https://boards.greenhouse.io/4dmoleculartherapeutics,11,"Associate Director, Clinical Supply",no,4dmoleculartherapeutics.greenhouse.ats-placeholder,,
insert,low,greenhouse,roofr,"Roofr","Roofr",https://boards.greenhouse.io/roofr,6,"Engineering Team Lead, AI Platform",no,roofr.greenhouse.ats-placeholder,,
insert,low,greenhouse,masterclass,"MasterClass","MasterClass",https://boards.greenhouse.io/masterclass,4,"AI Creator / Artist / Technical Artist (CONTRACTOR)",no,masterclass.greenhouse.ats-placeholder,,
insert,low,smartrecruiters,queenly,"Queenly","Queenly",https://careers.smartrecruiters.com/queenly,2,"Full-Stack Software Engineer",no,queenly.smartrecruiters.ats-placeholder,,
insert,low,greenhouse,glcadvisors,"GLC Advisors & Co.","GLC Advisors & Co.",https://boards.greenhouse.io/glcadvisors,8,"Class of 2026 Full Time Analyst",no,glcadvisors.greenhouse.ats-placeholder,,
insert,low,greenhouse,treasuryprime,"Treasury Prime","Treasury Prime",https://boards.greenhouse.io/treasuryprime,1,"Bank Sales Director",no,treasuryprime.greenhouse.ats-placeholder,,
insert,low,lever,charmindustrial,"Charm Industrial","Charm Industrial",https://jobs.lever.co/charmindustrial,4,"Accounting Manager",no,charmindustrial.lever.ats-placeholder,,
insert,low,greenhouse,midihealth,"Midi Health","Midi Health",https://boards.greenhouse.io/midihealth,86,"Certified Medical Assistant",no,midihealth.greenhouse.ats-placeholder,,
skip-ats,low,greenhouse,bridgebio,"BridgeBio","BridgeBio",https://boards.greenhouse.io/bridgebio,115,"AD/Director, Marketing - Patient ",no,bridgebio.greenhouse.ats-placeholder,,
insert,med,lever,neuron7,"Neuron7.ai","Neuron7.ai",https://jobs.lever.co/neuron7,11,"Lead Data Scientist | Bangalore",no,neuron7.lever.ats-placeholder,,
insert,low,greenhouse,safebreach,"SafeBreach","SafeBreach",https://boards.greenhouse.io/safebreach,3,"Attack Team Leader",no,safebreach.greenhouse.ats-placeholder,,
insert,low,greenhouse,glyphicbiotechnologies,"Glyphic Biotechnologies","Glyphic Biotechnologies",https://boards.greenhouse.io/glyphicbiotechnologies,8,"Assay Integration Lead",no,glyphicbiotechnologies.greenhouse.ats-placeholder,,
insert,low,greenhouse,mavenrobotics,"Maven Robotics","Maven Robotics",https://boards.greenhouse.io/mavenrobotics,11,"Data Collection Operator",no,mavenrobotics.greenhouse.ats-placeholder,,
insert,low,greenhouse,earnin,"Earnin","Earnin",https://boards.greenhouse.io/earnin,43,"Compliance Analyst",no,earnin.greenhouse.ats-placeholder,,
insert,med,ashby,leap,"Leap","Leap",https://jobs.ashbyhq.com/leap,11,"Partner Activation Manager",no,leap.ashby.ats-placeholder,,
insert,high,ashby,baton,"Baton (baton.io)","Baton",https://jobs.ashbyhq.com/baton,2,"M&A Advisor",no,baton.ashby.ats-placeholder,,
insert,med,ashby,monogram,"Monogram","Monogram",https://jobs.ashbyhq.com/monogram,7,"Applied AI Engineer",no,monogram.ashby.ats-placeholder,,
insert,low,greenhouse,nintendo,"Nintendo","Nintendo",https://boards.greenhouse.io/nintendo,64,"Allocation Analyst",no,nintendo.greenhouse.ats-placeholder,,
insert,low,lever,attovia-therapeutics,"Attovia Therapeutics","Attovia Therapeutics",https://jobs.lever.co/attovia-therapeutics,1,"Medical Director",no,attovia-therapeutics.lever.ats-placeholder,,
insert,low,greenhouse,medium,"Medium","Medium",https://boards.greenhouse.io/medium,1,"Senior Engineering Manager",no,medium.greenhouse.ats-placeholder,,
skip-ats,med,ashby,assured,"Assured","Assured",https://jobs.ashbyhq.com/assured,24,"Senior/Principal Engagement Manager",no,assured.ashby.ats-placeholder,,
insert,low,greenhouse,protillionbiosciences,"Protillion Biosciences","Protillion Biosciences",https://boards.greenhouse.io/protillionbiosciences,1,"Lead Instrument Software Engineer",no,protillionbiosciences.greenhouse.ats-placeholder,,
skip-ats,med,lever,zeta,"Zeta","Zeta",https://jobs.lever.co/zeta,22,"Associate Director - Product",no,zeta.lever.ats-placeholder,,
insert,high,lever,trellis,"Trellis (Trellisconnect)","Trellis",https://jobs.lever.co/trellis,1,"Product Designer (Remote)",no,trellis.lever.ats-placeholder,,
skip-ats,low,ashby,liquid,"Liquid Agency","Liquid Agency",https://jobs.ashbyhq.com/liquid,9,"Member of Technical Staff",no,liquid.ashby.ats-placeholder,,
insert,high,ashby,squadformers,"Squadformers","Squadformers",https://jobs.ashbyhq.com/squadformers,1,"Senior Account Executive, Enterprise",no,squadformers.ashby.ats-placeholder,,
insert,low,ashby,redpine,"Redpine Signals","Redpine Signals",https://jobs.ashbyhq.com/redpine,13,"GTM",no,redpine.ashby.ats-placeholder,,
insert,low,smartrecruiters,axiado,"Axiado Corporation","Axiado Corporation",https://careers.smartrecruiters.com/axiado,51,"Senior FPGA Design Engineer",no,axiado.smartrecruiters.ats-placeholder,,
insert,med,lever,cellares,"Cellares","Cellares",https://jobs.lever.co/cellares,23,"Automation Engineer (I, II, III)",no,cellares.lever.ats-placeholder,,
insert,low,greenhouse,prophia,"Prophia","Prophia",https://boards.greenhouse.io/prophia,1,"Prophia Talent Community",no,prophia.greenhouse.ats-placeholder,,
insert,low,greenhouse,method,"Method","Method",https://boards.greenhouse.io/method,6,"Associate Director, Experience Design ",no,method.greenhouse.ats-placeholder,,
insert,low,greenhouse,seyond,"Seyond","Seyond",https://boards.greenhouse.io/seyond,10,"Inside Sales Representative",no,seyond.greenhouse.ats-placeholder,,
insert,low,greenhouse,gorjana,"gorjana","gorjana",https://boards.greenhouse.io/gorjana,152,"Assistant Store Manager (Ala Moana)",no,gorjana.greenhouse.ats-placeholder,,
insert,high,lever,trustarc,"TrustArc","TrustArc",https://jobs.lever.co/trustarc,3,"Account Executive",no,trustarc.lever.ats-placeholder,,
skip-ats,med,ashby,flock,"Flock","Flock",https://jobs.ashbyhq.com/flock,10,"Underwriting Assistant",no,flock.ashby.ats-placeholder,,
insert,low,greenhouse,newton,"Newton Software","Newton Software",https://boards.greenhouse.io/newton,2,"Senior Sales Director - USA",no,newton.greenhouse.ats-placeholder,,
insert,low,greenhouse,xphealth,"XP Health","XP Health",https://boards.greenhouse.io/xphealth,2,"Finance Manager",no,xphealth.greenhouse.ats-placeholder,,
insert,high,ashby,lucidlink,"LucidLink","LucidLink",https://jobs.ashbyhq.com/lucidlink,2,"Senior Product Designer with AI",no,lucidlink.ashby.ats-placeholder,,
insert,med,ashby,ansiblehealth,"AnsibleHealth","AnsibleHealth",https://jobs.ashbyhq.com/ansiblehealth,4,"Nurse Practitioner",no,ansiblehealth.ashby.ats-placeholder,,
insert,med,ashby,signoz,"SigNoz","SigNoz",https://jobs.ashbyhq.com/signoz,14,"Sr Backend Engineer - Platform",no,signoz.ashby.ats-placeholder,,
insert,med,ashby,upguard,"UpGuard","UpGuard",https://jobs.ashbyhq.com/upguard,22,"Technical Product Enablement Manager",no,upguard.ashby.ats-placeholder,,
insert,med,ashby,meadow,"Meadow","Meadow",https://jobs.ashbyhq.com/meadow,4,"Business Development Representative",no,meadow.ashby.ats-placeholder,,
insert,med,ashby,revenuecat,"RevenueCat","RevenueCat",https://jobs.ashbyhq.com/revenuecat,25,"Senior Sales Engineer",no,revenuecat.ashby.ats-placeholder,,
insert,high,ashby,pluralfinance,"Plural (pluralfinance.com)","Plural",https://jobs.ashbyhq.com/pluralfinance,3,"Lead Product Engineer",no,pluralfinance.ashby.ats-placeholder,,
insert,low,lever,eliyan,"Eliyan Corporation","Eliyan Corporation",https://jobs.lever.co/eliyan,19,"Architecture - I/O Architect",no,eliyan.lever.ats-placeholder,,
insert,low,ashby,orbital,"Orbital Insight","Orbital Insight",https://jobs.ashbyhq.com/orbital,23,"Account Executive",no,orbital.ashby.ats-placeholder,,
insert,med,lever,azul,"Azul","Azul",https://jobs.lever.co/azul,19,"Account Executive",no,azul.lever.ats-placeholder,,
insert,low,greenhouse,wikimedia,"Wikimedia Foundation","Wikimedia Foundation",https://boards.greenhouse.io/wikimedia,25,"Email Developer (Fundraising) (1 year Contract)",no,wikimedia.greenhouse.ats-placeholder,,
insert,low,greenhouse,interpayments,"InterPayments","InterPayments",https://boards.greenhouse.io/interpayments,2,"Customer Experience Lead",no,interpayments.greenhouse.ats-placeholder,,
insert,low,greenhouse,relationalai,"RelationalAI","RelationalAI",https://boards.greenhouse.io/relationalai,1,"Don’t see what you’re looking for?",no,relationalai.greenhouse.ats-placeholder,,
insert,low,greenhouse,profluent,"Profluent","Profluent",https://boards.greenhouse.io/profluent,12,"Lead Bioinformatics Scientist, NGS",no,profluent.greenhouse.ats-placeholder,,
insert,low,greenhouse,range,"Range Networks","Range Networks",https://boards.greenhouse.io/range,17,"Analyst, Financial Planning & Reporting",no,range.greenhouse.ats-placeholder,,
insert,med,lever,bluespace,"BlueSpace.ai","BlueSpace.ai",https://jobs.lever.co/bluespace,12,"Business Operations Manager",no,bluespace.lever.ats-placeholder,,
insert,low,greenhouse,neo4j,"Neo4j","Neo4j",https://boards.greenhouse.io/neo4j,33,"Accounts Receivable Specialist - Malmo",no,neo4j.greenhouse.ats-placeholder,,
insert,low,greenhouse,bluecurrent,"Blue Current","Blue Current",https://boards.greenhouse.io/bluecurrent,13,"Advanced Manufacturing Technician",no,bluecurrent.greenhouse.ats-placeholder,,
insert,low,greenhouse,valohealth,"Valo Health","Valo Health",https://boards.greenhouse.io/valohealth,4,"Scientist II, Neurobiology Target Validation  and Drug Discovery ",no,valohealth.greenhouse.ats-placeholder,,
insert,med,ashby,worldly,"Worldly","Worldly",https://jobs.ashbyhq.com/worldly,5,"Senior Front-End Developer (Angular)",no,worldly.ashby.ats-placeholder,,
insert,low,greenhouse,ebanx,"Ebanx","Ebanx",https://boards.greenhouse.io/ebanx,43,"Accounting Specialist",no,ebanx.greenhouse.ats-placeholder,,
insert,med,lever,secureframe,"Secureframe","Secureframe",https://jobs.lever.co/secureframe,22,"Account Executive, CMMC",no,secureframe.lever.ats-placeholder,,
insert,high,ashby,clarisights,"Clarisights","Clarisights",https://jobs.ashbyhq.com/clarisights,1,"Technical Product Specialist",no,clarisights.ashby.ats-placeholder,,
insert,low,lever,rangeenergy,"Range Energy","Range Energy",https://jobs.lever.co/rangeenergy,6,"Firmware Validation Engineer",no,rangeenergy.lever.ats-placeholder,,
insert,low,greenhouse,upside,"Upside (upside.tech)","Upside",https://boards.greenhouse.io/upside,5,"Store Manager",no,upside.greenhouse.ats-placeholder,,
insert,high,ashby,ladder,"Ladder","Ladder",https://jobs.ashbyhq.com/ladder,1,"Lead Product Designer",no,ladder.ashby.ats-placeholder,,
insert,high,ashby,rollstack,"Rollstack","Rollstack",https://jobs.ashbyhq.com/rollstack,3,"Software Engineer - TypeScript",no,rollstack.ashby.ats-placeholder,,
insert,low,ashby,polar,"Polar Sky","Polar Sky",https://jobs.ashbyhq.com/polar,2,"Senior Product Engineer",no,polar.ashby.ats-placeholder,,
insert,low,greenhouse,homewardhealth,"Homeward Health","Homeward Health",https://boards.greenhouse.io/homewardhealth,1,"Physician Lead (Part-Time) - Michigan - September Start ",no,homewardhealth.greenhouse.ats-placeholder,,
insert,low,greenhouse,moonshot,"X, The Moonshot Factory","X, The Moonshot Factory",https://boards.greenhouse.io/moonshot,19,"AI Adoption Specialist",no,moonshot.greenhouse.ats-placeholder,,
insert,low,greenhouse,druva,"Druva","Druva",https://boards.greenhouse.io/druva,26,"Account Executive",no,druva.greenhouse.ats-placeholder,,
insert,low,greenhouse,pacificfusion,"Pacific Fusion","Pacific Fusion",https://boards.greenhouse.io/pacificfusion,37,"Development and Prototype Machinist",no,pacificfusion.greenhouse.ats-placeholder,,
insert,low,lever,endpointclinical,"Endpoint Clinical, Inc.","Endpoint Clinical, Inc.",https://jobs.lever.co/endpointclinical,20,"AI Intern",no,endpointclinical.lever.ats-placeholder,,
insert,low,smartrecruiters,securiti,"Securiti","Securiti",https://careers.smartrecruiters.com/securiti,1,"HR & Office Manager",no,securiti.smartrecruiters.ats-placeholder,,
insert,high,ashby,curated,"Curated","Curated",https://jobs.ashbyhq.com/curated,2,"Senior Software Engineer",no,curated.ashby.ats-placeholder,,
insert,low,greenhouse,oliv,"Oliv.ai - Your AI Assistant for Sales","Oliv.ai - Your AI Assistant for Sales",https://boards.greenhouse.io/oliv,1,"Ortho Training and Implementation Specialist",no,oliv.greenhouse.ats-placeholder,,
insert,low,ashby,mai,"MAI Agents","MAI Agents",https://jobs.ashbyhq.com/mai,9,"Software Engineer",no,mai.ashby.ats-placeholder,,
insert,low,greenhouse,fluxx,"Fluxx","Fluxx",https://boards.greenhouse.io/fluxx,6,"Director of Engineering",no,fluxx.greenhouse.ats-placeholder,,
insert,high,lever,digitalfish,"DigitalFish","DigitalFish",https://jobs.lever.co/digitalfish,3,"Research Scientist, Color Perception & Imaging Technology",no,digitalfish.lever.ats-placeholder,,
insert,med,lever,zilliz,"Zilliz","Zilliz",https://jobs.lever.co/zilliz,10,"Enterprise Account Executive - EU (UK)",no,zilliz.lever.ats-placeholder,,
insert,med,ashby,fourier,"Fourier","Fourier",https://jobs.ashbyhq.com/fourier,5,"Process Engineer",no,fourier.ashby.ats-placeholder,,
insert,low,greenhouse,ultimagenomics,"Ultima Genomics","Ultima Genomics",https://boards.greenhouse.io/ultimagenomics,16,"Associate Strategic Accounts Director, Pharma and Biotech",no,ultimagenomics.greenhouse.ats-placeholder,,
insert,high,ashby,glade,"Glade.ai","Glade.ai",https://jobs.ashbyhq.com/glade,3,"Legal Operations Specialist",no,glade.ashby.ats-placeholder,,
insert,low,greenhouse,incognia,"Incognia","Incognia",https://boards.greenhouse.io/incognia,8,"Banco de Talentos Incognia",no,incognia.greenhouse.ats-placeholder,,
insert,med,ashby,diligencesquared,"DiligenceSquared","DiligenceSquared",https://jobs.ashbyhq.com/diligencesquared,4,"Founding Engineer - Fullstack",no,diligencesquared.ashby.ats-placeholder,,
insert,med,lever,kwanso,"Kwanso","Kwanso",https://jobs.lever.co/kwanso,11,"Associate Lead Generation",no,kwanso.lever.ats-placeholder,,
insert,low,greenhouse,jackpot,"Jackpot","Jackpot",https://boards.greenhouse.io/jackpot,2,"Operations Associate (Part-Time)",no,jackpot.greenhouse.ats-placeholder,,
insert,low,greenhouse,hpiq,"HP IQ","HP IQ",https://boards.greenhouse.io/hpiq,33,"Distinguished Machine Learning Engineer, AI Systems",no,hpiq.greenhouse.ats-placeholder,,
insert,med,lever,musixmatch,"Musixmatch","Musixmatch",https://jobs.lever.co/musixmatch,6,"Backend & Cloud Infrastructure Intern",no,musixmatch.lever.ats-placeholder,,
insert,low,greenhouse,septerna,"Septerna","Septerna",https://boards.greenhouse.io/septerna,6,"Director, Analytical Development",no,septerna.greenhouse.ats-placeholder,,
insert,low,ashby,bold,"The Bold Italic","The Bold Italic",https://jobs.ashbyhq.com/bold,1,"Head of Sales & Data Partnerships",no,bold.ashby.ats-placeholder,,
insert,low,greenhouse,presencelearning,"PresenceLearning","PresenceLearning",https://boards.greenhouse.io/presencelearning,4,"Account Executive - Strategic Network Accounts  ",no,presencelearning.greenhouse.ats-placeholder,,
insert,low,greenhouse,kite,"Kite","Kite",https://boards.greenhouse.io/kite,1,"Engineering Manager",no,kite.greenhouse.ats-placeholder,,
insert,low,smartrecruiters,skillate,"Skillate","Skillate",https://careers.smartrecruiters.com/skillate,10,"Customer Success",no,skillate.smartrecruiters.ats-placeholder,,
insert,low,greenhouse,make,"Make School","Make School",https://boards.greenhouse.io/make,9,"Account Executive Greenfield",no,make.greenhouse.ats-placeholder,,
insert,med,lever,scality,"Scality","Scality",https://jobs.lever.co/scality,6,"Channel Manager East",no,scality.lever.ats-placeholder,,
insert,low,smartrecruiters,tomsawyersoftware,"Tom Sawyer Software","Tom Sawyer Software",https://careers.smartrecruiters.com/tomsawyersoftware,1,"Product Marketing Manager",no,tomsawyersoftware.smartrecruiters.ats-placeholder,,
insert,low,greenhouse,cuyana,"Cuyana","Cuyana",https://boards.greenhouse.io/cuyana,5,"Assistant Store Manager",no,cuyana.greenhouse.ats-placeholder,,
insert,low,greenhouse,retailnext,"RetailNext","RetailNext",https://boards.greenhouse.io/retailnext,5,"Customer Success Manager (French Speaking)",no,retailnext.greenhouse.ats-placeholder,,
insert,low,greenhouse,shield,"SHIELD","SHIELD",https://boards.greenhouse.io/shield,1,"Copy of Avenger",no,shield.greenhouse.ats-placeholder,,
insert,low,greenhouse,baidu,"Baidu","Baidu",https://boards.greenhouse.io/baidu,26,"Account Manager",no,baidu.greenhouse.ats-placeholder,,
insert,low,greenhouse,pulsebiosciences,"Pulse Biosciences, Inc.","Pulse Biosciences, Inc.",https://boards.greenhouse.io/pulsebiosciences,6,"Medical Writer",no,pulsebiosciences.greenhouse.ats-placeholder,,
insert,low,ashby,slate,"Slate Technologies","Slate Technologies",https://jobs.ashbyhq.com/slate,6,"Senior Software Engineer - Video Platform",no,slate.ashby.ats-placeholder,,
skip-ats,low,ashby,crusoe,"Crusoe Energy Systems","Crusoe Energy Systems",https://jobs.ashbyhq.com/crusoe,319,"Staff Product Security Engineer",no,crusoe.ashby.ats-placeholder,,
insert,med,ashby,collective,"Collective","Collective",https://jobs.ashbyhq.com/collective,12,"Account Executive",no,collective.ashby.ats-placeholder,,
insert,low,greenhouse,lyellimmunopharma,"Lyell Immunopharma","Lyell Immunopharma",https://boards.greenhouse.io/lyellimmunopharma,10,"Associate Director, Biostatistics",no,lyellimmunopharma.greenhouse.ats-placeholder,,
insert,low,smartrecruiters,wunderdogs,"Wunderdogs","Wunderdogs",https://careers.smartrecruiters.com/wunderdogs,1,"Junior Account Manager",no,wunderdogs.smartrecruiters.ats-placeholder,,
insert,low,ashby,stellar,"Stellar Labs, Inc","Stellar Labs, Inc",https://jobs.ashbyhq.com/stellar,30,"Senior Director, Account Management",no,stellar.ashby.ats-placeholder,,
insert,low,greenhouse,asg,"ASG","ASG",https://boards.greenhouse.io/asg,10,"Actabl Customer Success Manager",no,asg.greenhouse.ats-placeholder,,
insert,med,ashby,sequoia,"Sequoia","Sequoia",https://jobs.ashbyhq.com/sequoia,14,"LOA Coordinator",no,sequoia.ashby.ats-placeholder,,
insert,low,ashby,spruce,"SPRUCE HEALTH","SPRUCE HEALTH",https://jobs.ashbyhq.com/spruce,3,"Customer Success Manager",no,spruce.ashby.ats-placeholder,,
insert,low,smartrecruiters,gapinc,"Gap (gapinc.com).","Gap .",https://careers.smartrecruiters.com/gapinc,11,"Sr Manager - Resource Planning",no,gapinc.smartrecruiters.ats-placeholder,,
insert,low,greenhouse,radiantsecurity,"Radiant Security","Radiant Security",https://boards.greenhouse.io/radiantsecurity,10,"Account Executive",no,radiantsecurity.greenhouse.ats-placeholder,,
insert,low,ashby,griffin,"Griffin Gaming Partners","Griffin Gaming Partners",https://jobs.ashbyhq.com/griffin,5,"Company Secretary",no,griffin.ashby.ats-placeholder,,
insert,med,ashby,barti,"Barti","Barti",https://jobs.ashbyhq.com/barti,5,"Implementation Manager",no,barti.ashby.ats-placeholder,,
insert,low,greenhouse,arine,"Arine","Arine",https://boards.greenhouse.io/arine,16,"AI Engineering Summer Intern",no,arine.greenhouse.ats-placeholder,,
insert,low,greenhouse,axle,"Axle Surgeons of California, Inc.","Axle Surgeons of California, Inc.",https://boards.greenhouse.io/axle,25,"AI Engineer II",no,axle.greenhouse.ats-placeholder,,
insert,low,greenhouse,fulfil,"Fulfil","Fulfil",https://boards.greenhouse.io/fulfil,15,"Machine Safety and Compliance Engineer",no,fulfil.greenhouse.ats-placeholder,,
insert,med,ashby,ontra,"Ontra","Ontra",https://jobs.ashbyhq.com/ontra,13,"Senior Sales Engineer (UK)",no,ontra.ashby.ats-placeholder,,
insert,med,lever,autoroboto,"AutoRoboto","AutoRoboto",https://jobs.lever.co/autoroboto,12,"Data Analysts",no,autoroboto.lever.ats-placeholder,,
insert,med,ashby,luminai,"Luminai","Luminai",https://jobs.ashbyhq.com/luminai,11,"Senior Software Engineer, Product",no,luminai.ashby.ats-placeholder,,
insert,med,ashby,quora,"Quora","Quora",https://jobs.ashbyhq.com/quora,5,"Staff Machine Learning Engineer - Recommendations, Quora (Remote)",no,quora.ashby.ats-placeholder,,
insert,med,ashby,conception,"Conception","Conception",https://jobs.ashbyhq.com/conception,4,"General Application",no,conception.ashby.ats-placeholder,,
insert,high,ashby,tenor,"Tenor","Tenor",https://jobs.ashbyhq.com/tenor,2,"Sales Development Rep (AI Startup)",no,tenor.ashby.ats-placeholder,,
insert,med,lever,payactiv,"Payactiv","Payactiv",https://jobs.lever.co/payactiv,5,"Database Developer",no,payactiv.lever.ats-placeholder,,
insert,low,greenhouse,cartahealthcare,"Carta Healthcare","Carta Healthcare",https://boards.greenhouse.io/cartahealthcare,18,"AFIB Data Abstractor : Part-Time",no,cartahealthcare.greenhouse.ats-placeholder,,
insert,high,ashby,silktide,"Silktide","Silktide",https://jobs.ashbyhq.com/silktide,1,"Account Executive (US) ",no,silktide.ashby.ats-placeholder,,
insert,med,lever,anomali,"Anomali","Anomali",https://jobs.lever.co/anomali,8,"Regional Channel Manager - KSA (Remote -KSA)",no,anomali.lever.ats-placeholder,,
insert,med,ashby,flutterflow,"FlutterFlow","FlutterFlow",https://jobs.ashbyhq.com/flutterflow,4,"General Application - Future Openings",no,flutterflow.ashby.ats-placeholder,,
insert,low,ashby,stork,"Stork Club","Stork Club",https://jobs.ashbyhq.com/stork,1,"Business Development Manager",no,stork.ashby.ats-placeholder,,
insert,low,greenhouse,ixllearning,"IXL Learning","IXL Learning",https://boards.greenhouse.io/ixllearning,126,"Account Executive, Rosetta Stone Latin America",no,ixllearning.greenhouse.ats-placeholder,,
insert,high,ashby,aptible,"Aptible","Aptible",https://jobs.ashbyhq.com/aptible,2,"Software Engineer II / Senior Software Engineer (Fullstack)",no,aptible.ashby.ats-placeholder,,
insert,low,greenhouse,31stunion,"31st Union","31st Union",https://boards.greenhouse.io/31stunion,3,"Lead UI Engineer ",no,31stunion.greenhouse.ats-placeholder,,
insert,low,greenhouse,doma,"Doma","Doma",https://boards.greenhouse.io/doma,5,"Operations Escrow Officer",no,doma.greenhouse.ats-placeholder,,
insert,low,greenhouse,honeycomb,"Honeycomb.io","Honeycomb.io",https://boards.greenhouse.io/honeycomb,16,"Enterprise Account Executive - Benelux",no,honeycomb.greenhouse.ats-placeholder,,
insert,low,ashby,obvious,"Obvious Ventures","Obvious Ventures",https://jobs.ashbyhq.com/obvious,6,"Field Marketing, Fellowship Program",no,obvious.ashby.ats-placeholder,,
insert,low,ashby,focus,"Focus Telecom Polska","Focus Telecom Polska",https://jobs.ashbyhq.com/focus,3,"Join Our Talent Network – Future Opportunities: Design",no,focus.ashby.ats-placeholder,,
insert,med,lever,reply,"Reply.io","Reply.io",https://jobs.lever.co/reply,60,"Account Executive",no,reply.lever.ats-placeholder,,
skip-ats,low,greenhouse,headway,"Headway Technologies","Headway Technologies",https://boards.greenhouse.io/headway,74,"Account Executive",no,headway.greenhouse.ats-placeholder,,
insert,low,greenhouse,mazetherapeutics,"Maze Therapeutics","Maze Therapeutics",https://boards.greenhouse.io/mazetherapeutics,8,"Associate Director, Regulatory Affairs ",no,mazetherapeutics.greenhouse.ats-placeholder,,
insert,med,ashby,creatoriq,"CreatorIQ","CreatorIQ",https://jobs.ashbyhq.com/creatoriq,41,"Senior MLOps Engineer",no,creatoriq.ashby.ats-placeholder,,
insert,low,greenhouse,smithrx,"SmithRx","SmithRx",https://boards.greenhouse.io/smithrx,47,"Account Manager",no,smithrx.greenhouse.ats-placeholder,,
insert,low,smartrecruiters,fenix,"Fenix International","Fenix International",https://careers.smartrecruiters.com/fenix,26,"Mining Engineer",no,fenix.smartrecruiters.ats-placeholder,,
insert,low,greenhouse,knightedgaming,"Knighted Gaming","Knighted Gaming",https://boards.greenhouse.io/knightedgaming,15,"Gaming Associate",no,knightedgaming.greenhouse.ats-placeholder,,
insert,low,greenhouse,levelaccess,"Level Access","Level Access",https://boards.greenhouse.io/levelaccess,20,"Accessibility Consultant",no,levelaccess.greenhouse.ats-placeholder,,
insert,low,lever,zeiss,"ZEISS Group","ZEISS Group",https://jobs.lever.co/zeiss,3,"323232",no,zeiss.lever.ats-placeholder,,
insert,low,greenhouse,siteline,"Siteline","Siteline",https://boards.greenhouse.io/siteline,2,"Sales Development Representative (Entry-Level)",no,siteline.greenhouse.ats-placeholder,,
insert,low,smartrecruiters,quantazone,"Quantazone","Quantazone",https://careers.smartrecruiters.com/quantazone,5,"Sales Development Representaive",no,quantazone.smartrecruiters.ats-placeholder,,
insert,med,ashby,phonic,"Phonic","Phonic",https://jobs.ashbyhq.com/phonic,4,"Backend Engineer",no,phonic.ashby.ats-placeholder,,
insert,low,greenhouse,liberate,"Liberate Innovations","Liberate Innovations",https://boards.greenhouse.io/liberate,44,"Agent Product Manager",no,liberate.greenhouse.ats-placeholder,,
insert,low,greenhouse,summittherapeutics,"Summit Therapeutics, Inc.","Summit Therapeutics, Inc.",https://boards.greenhouse.io/summittherapeutics,30,"Accounting Manager, R&D (Non-Clinical)",no,summittherapeutics.greenhouse.ats-placeholder,,
insert,low,greenhouse,alpineinvestors,"Alpine Investors","Alpine Investors",https://boards.greenhouse.io/alpineinvestors,1,"Elevation | Sourcing Associate",no,alpineinvestors.greenhouse.ats-placeholder,,
insert,med,lever,houzz,"Houzz","Houzz",https://jobs.lever.co/houzz,10,"Brand Media Operations Coordinator",no,houzz.lever.ats-placeholder,,
insert,low,greenhouse,armorcode,"ArmorCode Inc.","ArmorCode Inc.",https://boards.greenhouse.io/armorcode,2,"Senior Engineer - Backend (Java, Springboot - Only)",no,armorcode.greenhouse.ats-placeholder,,
insert,low,greenhouse,magicleap,"Magic Leap","Magic Leap",https://boards.greenhouse.io/magicleap,10,"Senior Equipment Engineering Technician - Dry Etch",no,magicleap.greenhouse.ats-placeholder,,
insert,low,greenhouse,protagonist,"Protagonist","Protagonist",https://boards.greenhouse.io/protagonist,7,"Computational Social Science Intern (Summer 2026)",no,protagonist.greenhouse.ats-placeholder,,
insert,low,ashby,neon-health,"Neon Health","Neon Health",https://jobs.ashbyhq.com/neon-health,11,"Senior Backend Engineer",no,neon-health.ashby.ats-placeholder,,
insert,low,greenhouse,uplift,"Uplift Inc.","Uplift Inc.",https://boards.greenhouse.io/uplift,5,"Psychiatric Nurse Practitioner (PMHNP) - Remote",no,uplift.greenhouse.ats-placeholder,,
insert,low,greenhouse,elo,"Elo Health","Elo Health",https://boards.greenhouse.io/elo,1,"[Escreva aqui o nome da vaga]",no,elo.greenhouse.ats-placeholder,,
insert,low,greenhouse,corcepttherapeutics,"Corcept Therapeutics","Corcept Therapeutics",https://boards.greenhouse.io/corcepttherapeutics,46,"Associate Clinical Sales Specialist (CS) - Minneapolis/Des Moines, IA",no,corcepttherapeutics.greenhouse.ats-placeholder,,
insert,high,ashby,constructor,"Constructor","Constructor",https://jobs.ashbyhq.com/constructor,2,"Senior Product Marketing Director",no,constructor.ashby.ats-placeholder,,
insert,med,ashby,illumio,"Illumio","Illumio",https://jobs.ashbyhq.com/illumio,85,"Staff Engineer",no,illumio.ashby.ats-placeholder,,
insert,high,lever,shiru,"Shiru","Shiru",https://jobs.lever.co/shiru,1,"Don't see a position that fits? Tell us more.",no,shiru.lever.ats-placeholder,,
insert,low,greenhouse,prodigal,"Prodigal","Prodigal",https://boards.greenhouse.io/prodigal,15,"Agent Engineer",no,prodigal.greenhouse.ats-placeholder,,
insert,low,greenhouse,akko,"AKKO","AKKO",https://boards.greenhouse.io/akko,8,"Channel Partnership Development Manager",no,akko.greenhouse.ats-placeholder,,
insert,med,ashby,zania,"Zania","Zania",https://jobs.ashbyhq.com/zania,9,"Applied AI Engineer",no,zania.ashby.ats-placeholder,,
insert,low,greenhouse,stitchfix,"Stitch Fix","Stitch Fix",https://boards.greenhouse.io/stitchfix,20,"Accounts Payable Manager",no,stitchfix.greenhouse.ats-placeholder,,
insert,low,greenhouse,suki,"Suki","Suki",https://boards.greenhouse.io/suki,16,"Commercial Counsel",no,suki.greenhouse.ats-placeholder,,
insert,low,ashby,artemis,"Artemis Networks LLC","Artemis Networks LLC",https://jobs.ashbyhq.com/artemis,12,"Senior Account Executive (Enterprise)",no,artemis.ashby.ats-placeholder,,
insert,low,ashby,butter,"Butter Payments","Butter Payments",https://jobs.ashbyhq.com/butter,2,"Go-To-Market Lead",no,butter.ashby.ats-placeholder,,
insert,med,ashby,parspec,"Parspec","Parspec",https://jobs.ashbyhq.com/parspec,12,"AI Ops Engineer",no,parspec.ashby.ats-placeholder,,
insert,low,smartrecruiters,rockhealth,"Rock Health","Rock Health",https://careers.smartrecruiters.com/rockhealth,1,"Office Assistant",no,rockhealth.smartrecruiters.ats-placeholder,,
update-by-name,med,lever,cred,"cred.","cred.",https://jobs.lever.co/cred,8,"analyst",no,cred.ai,"CRED",cred.ai
insert,low,greenhouse,muonspace,"Muon Space","Muon Space",https://boards.greenhouse.io/muonspace,41,"Business Development Analyst",no,muonspace.greenhouse.ats-placeholder,,
insert,low,greenhouse,maplighttherapeutics,"Maplight Therapeutics","Maplight Therapeutics",https://boards.greenhouse.io/maplighttherapeutics,16,"Associate Director, Commercial Strategy and Insights",no,maplighttherapeutics.greenhouse.ats-placeholder,,
insert,low,greenhouse,medrio,"Medrio","Medrio",https://boards.greenhouse.io/medrio,7,"Automation Engineer (Mid level SDET)",no,medrio.greenhouse.ats-placeholder,,
insert,med,lever,aizon,"Aizon","Aizon",https://jobs.lever.co/aizon,4,"Advanced QA Automation Engineer",no,aizon.lever.ats-placeholder,,
insert,low,greenhouse,eatjust,"Eat Just, Inc.","Eat Just, Inc.",https://boards.greenhouse.io/eatjust,4,"Commercial Lead, UK & International Expansion",no,eatjust.greenhouse.ats-placeholder,,
insert,med,lever,boxbot,"Boxbot","Boxbot",https://jobs.lever.co/boxbot,6,"Senior Controls Engineer",no,boxbot.lever.ats-placeholder,,
insert,low,greenhouse,kernelize,"Kernelize","Kernelize",https://boards.greenhouse.io/kernelize,2,"Compiler Engineer - Kernelize",no,kernelize.greenhouse.ats-placeholder,,
insert,low,ashby,garage,"B GARAGE","B GARAGE",https://jobs.ashbyhq.com/garage,8,"Founding Designer",no,garage.ashby.ats-placeholder,,
insert,low,smartrecruiters,athos,"Athos","Athos",https://careers.smartrecruiters.com/athos,1,"Lead Platform Engineer",no,athos.smartrecruiters.ats-placeholder,,
insert,med,ashby,apella,"Apella","Apella",https://jobs.ashbyhq.com/apella,5,"Senior Software Engineer, Mobile",no,apella.ashby.ats-placeholder,,
insert,low,ashby,claritypediatrics,"Clarity Pediatrics","Clarity Pediatrics",https://jobs.ashbyhq.com/claritypediatrics,13,"Pediatrician - CA License",no,claritypediatrics.ashby.ats-placeholder,,
insert,low,greenhouse,saltsecurity,"Salt Security","Salt Security",https://boards.greenhouse.io/saltsecurity,13,"Bookkeeper- Part Time (US Inc.)",no,saltsecurity.greenhouse.ats-placeholder,,
skip-ats,low,greenhouse,engine,"Engine","Engine",https://boards.greenhouse.io/engine,60,"Account Executive (Chicago)",no,engine.greenhouse.ats-placeholder,,
insert,high,lever,peerspace,"Peerspace","Peerspace",https://jobs.lever.co/peerspace,3,"Associate Investigator, Trust and Safety",no,peerspace.lever.ats-placeholder,,
insert,low,smartrecruiters,devtech,"Devtech Limited","Devtech Limited",https://careers.smartrecruiters.com/devtech,1,"Department manager",no,devtech.smartrecruiters.ats-placeholder,,
insert,low,lever,ambirobotics,"Ambi Robotics","Ambi Robotics",https://jobs.lever.co/ambirobotics,5,"Robotics QA Intern",no,ambirobotics.lever.ats-placeholder,,
insert,low,greenhouse,zencoder,"Zencoder","Zencoder",https://boards.greenhouse.io/zencoder,4,"Lead/Staff Platform Engineer",no,zencoder.greenhouse.ats-placeholder,,
insert,low,greenhouse,appomni,"AppOmni","AppOmni",https://boards.greenhouse.io/appomni,4,"Principal Data Scientist - Risk Intelligence & AI",no,appomni.greenhouse.ats-placeholder,,
insert,med,lever,venteur,"Venteur","Venteur",https://jobs.lever.co/venteur,4,"Account Manager",no,venteur.lever.ats-placeholder,,
skip-ats,low,ashby,lambda,"Lambda School","Lambda School",https://jobs.ashbyhq.com/lambda,33,"Data Center Technical Program Manager",no,lambda.ashby.ats-placeholder,,
insert,low,ashby,corvus-robotics,"Corvus Robotics","Corvus Robotics",https://jobs.ashbyhq.com/corvus-robotics,6,"Recruiter",no,corvus-robotics.ashby.ats-placeholder,,
insert,low,greenhouse,wheelhouse,"Wheelhouse","Wheelhouse",https://boards.greenhouse.io/wheelhouse,7,"Account Executive (US)",no,wheelhouse.greenhouse.ats-placeholder,,
insert,med,ashby,dexmate,"Dexmate","Dexmate",https://jobs.ashbyhq.com/dexmate,24,"Research Intern, PhD (AI, Robotics)",no,dexmate.ashby.ats-placeholder,,
insert,high,ashby,kit,"Kit","Kit",https://jobs.ashbyhq.com/kit,1,"Senior Software Engineer - Creator Growth and Monetization",no,kit.ashby.ats-placeholder,,
insert,high,ashby,joinbetter,"Better","Better",https://jobs.ashbyhq.com/joinbetter,2,"Urology Peer Support Coach",no,joinbetter.ashby.ats-placeholder,,
insert,med,ashby,kong,"Kong","Kong",https://jobs.ashbyhq.com/kong,86,"Staff Software Engineer, Identity and Access Management",no,kong.ashby.ats-placeholder,,
insert,low,ashby,foundation,"The AI Foundation","The AI Foundation",https://jobs.ashbyhq.com/foundation,4,"Lead Designer",no,foundation.ashby.ats-placeholder,,
insert,low,greenhouse,hover,"Hover","Hover",https://boards.greenhouse.io/hover,18,"Customer Experience Manager",no,hover.greenhouse.ats-placeholder,,
insert,low,greenhouse,narvar,"Narvar","Narvar",https://boards.greenhouse.io/narvar,15,"Enterprise Account Executive",no,narvar.greenhouse.ats-placeholder,,
insert,low,lever,hopeservices,"Hope Services","Hope Services",https://jobs.lever.co/hopeservices,42,"Assistant Store Manager",no,hopeservices.lever.ats-placeholder,,
insert,low,ashby,litmus,"Litmus IO","Litmus IO",https://jobs.ashbyhq.com/litmus,13,"Senior Software Engineer - Golang",no,litmus.ashby.ats-placeholder,,
insert,low,greenhouse,newlimit,"NewLimit","NewLimit",https://boards.greenhouse.io/newlimit,13,"Computational Biologist",no,newlimit.greenhouse.ats-placeholder,,
update-by-name,med,ashby,mosaic,"Mosaic (joinmosaic.com)","Mosaic",https://jobs.ashbyhq.com/mosaic,7,"Global Head of Sales",no,mosaic.com,"Mosaic",mosaic.com
insert,low,lever,jamcity,"Jam City","Jam City",https://jobs.lever.co/jamcity,8,"3D Artist",no,jamcity.lever.ats-placeholder,,
insert,low,greenhouse,tigergraph,"TigerGraph","TigerGraph",https://boards.greenhouse.io/tigergraph,2,"Lead Software Engineer, Test",no,tigergraph.greenhouse.ats-placeholder,,
insert,low,greenhouse,arctouch,"ArcTouch","ArcTouch",https://boards.greenhouse.io/arctouch,3,"Senior Accounting Analyst",no,arctouch.greenhouse.ats-placeholder,,
insert,low,greenhouse,brightai,"BrightAI","BrightAI",https://boards.greenhouse.io/brightai,13,"Computer Vision Intern",no,brightai.greenhouse.ats-placeholder,,
insert,med,lever,computercare,"ComputerCare","ComputerCare",https://jobs.lever.co/computercare,5,"Depot Operations Supervisor",no,computercare.lever.ats-placeholder,,
insert,med,ashby,httpie,"HTT​Pie","HTT​Pie",https://jobs.ashbyhq.com/httpie,5,"Senior Fullstack Engineer (Remote)",no,httpie.ashby.ats-placeholder,,
insert,low,ashby,stealth-startup,"Stealth Startup","Stealth Startup",https://jobs.ashbyhq.com/stealth-startup,4,"Staff Product Designer",no,stealth-startup.ashby.ats-placeholder,,
insert,low,ashby,share,"Share Creators","Share Creators",https://jobs.ashbyhq.com/share,5,"Senior Network Engineer",no,share.ashby.ats-placeholder,,
insert,med,ashby,madhive,"Madhive","Madhive",https://jobs.ashbyhq.com/madhive,10,"Senior Software Engineer",no,madhive.ashby.ats-placeholder,,
insert,low,greenhouse,beaconbiosignals,"Beacon Biosignals","Beacon Biosignals",https://boards.greenhouse.io/beaconbiosignals,15,"Business Development Manager",no,beaconbiosignals.greenhouse.ats-placeholder,,
insert,low,greenhouse,aircapture,"Aircapture","Aircapture",https://boards.greenhouse.io/aircapture,6,"Director of Test Engineering",no,aircapture.greenhouse.ats-placeholder,,
insert,low,greenhouse,enterpret,"Enterpret","Enterpret",https://boards.greenhouse.io/enterpret,6,"Applied AI Research Engineer",no,enterpret.greenhouse.ats-placeholder,,
insert,low,smartrecruiters,beaminghealth,"Beaming Health","Beaming Health",https://careers.smartrecruiters.com/beaminghealth,1,"Head of Data Quality",no,beaminghealth.smartrecruiters.ats-placeholder,,